demanda,monto
0.15942028985507245,0.12779552715654952
0.043478260869565216,0.051118210862619806
0.014492753623188406,0.05750798722044728
0.0,0.025559105431309903
0.043478260869565216,0.05750798722044728
0.043478260869565216,0.019169329073482427
0.043478260869565216,0.051118210862619806
0.07246376811594203,0.1853035143769968
0.10144927536231885,0.15335463258785942
0.2753623188405797,0.1853035143769968
0.07246376811594203,0.06070287539936102
0.014492753623188406,0.03194888178913738
0.014492753623188406,0.019169329073482427
0.11594202898550725,0.23322683706070288
0.10144927536231885,0.07028753993610223
0.043478260869565216,0.05750798722044728
0.13043478260869565,0.21725239616613418
0.2028985507246377,0.13738019169329074
0.15942028985507245,0.3003194888178914
0.11594202898550725,0.15654952076677317
0.07246376811594203,0.08945686900958466
0.11594202898550725,0.10862619808306709
0.18840579710144928,0.26198083067092653
0.07246376811594203,0.08945686900958466
0.15942028985507245,0.22364217252396165
0.07246376811594203,0.06070287539936102
0.0,0.006389776357827476
0.15942028985507245,0.16613418530351437
0.028985507246376812,0.012779552715654952
0.07246376811594203,0.07028753993610223
0.15942028985507245,0.134185303514377
0.10144927536231885,0.08306709265175719
0.2753623188405797,0.2971246006389776
0.043478260869565216,0.04472843450479233
0.014492753623188406,0.006389776357827476
0.10144927536231885,0.04472843450479233
0.07246376811594203,0.07028753993610223
0.10144927536231885,0.12140575079872204
0.028985507246376812,0.012779552715654952
0.014492753623188406,0.025559105431309903
0.028985507246376812,0.08945686900958466
0.07246376811594203,0.134185303514377
0.2463768115942029,0.3194888178913738
0.15942028985507245,0.1853035143769968
0.13043478260869565,0.21725239616613418
0.07246376811594203,0.11501597444089456
0.11594202898550725,0.20447284345047922
0.391304347826087,0.26198083067092653
0.2463768115942029,0.3194888178913738
0.0,0.009584664536741214
0.043478260869565216,0.051118210862619806
0.15942028985507245,0.24920127795527156
0.07246376811594203,0.03194888178913738
0.014492753623188406,0.019169329073482427
0.043478260869565216,0.038338658146964855
0.07246376811594203,0.03194888178913738
0.13043478260869565,0.15335463258785942
0.10144927536231885,0.14696485623003194
0.11594202898550725,0.23322683706070288
0.028985507246376812,0.08945686900958466
0.13043478260869565,0.05750798722044728
0.10144927536231885,0.12140575079872204
0.07246376811594203,0.04472843450479233
0.057971014492753624,0.15335463258785942
0.028985507246376812,0.03194888178913738
0.057971014492753624,0.025559105431309903
0.15942028985507245,0.19488817891373802
0.043478260869565216,0.08306709265175719
0.043478260869565216,0.08306709265175719
0.07246376811594203,0.12140575079872204
0.07246376811594203,0.12140575079872204
0.08695652173913043,0.08306709265175719
0.10144927536231885,0.07028753993610223
0.014492753623188406,0.01597444089456869
0.0,0.009584664536741214
0.07246376811594203,0.051118210862619806
0.15942028985507245,0.16613418530351437
0.15942028985507245,0.14696485623003194
0.07246376811594203,0.13738019169329074
0.057971014492753624,0.04472843450479233
0.2028985507246377,0.16932907348242812
0.057971014492753624,0.07348242811501597
0.2028985507246377,0.13738019169329074
0.014492753623188406,0.025559105431309903
0.15942028985507245,0.14696485623003194
0.028985507246376812,0.08945686900958466
0.10144927536231885,0.07667731629392971
0.043478260869565216,0.019169329073482427
0.21739130434782608,0.3003194888178914
0.07246376811594203,0.10862619808306709
0.11594202898550725,0.07987220447284345
0.11594202898550725,0.15654952076677317
0.10144927536231885,0.12140575079872204
0.07246376811594203,0.06389776357827476
0.2028985507246377,0.28115015974440893
0.028985507246376812,0.08945686900958466
0.014492753623188406,0.01597444089456869
0.07246376811594203,0.06070287539936102
0.014492753623188406,0.019169329073482427
0.043478260869565216,0.051118210862619806
0.028985507246376812,0.03194888178913738
0.014492753623188406,0.025559105431309903
0.043478260869565216,0.019169329073482427
0.0,0.0
0.07246376811594203,0.03194888178913738
0.07246376811594203,0.06070287539936102
0.014492753623188406,0.03194888178913738
0.15942028985507245,0.07028753993610223
0.2028985507246377,0.08945686900958466
0.028985507246376812,0.04153354632587859
0.07246376811594203,0.13738019169329074
0.028985507246376812,0.06389776357827476
0.15942028985507245,0.20447284345047922
0.043478260869565216,0.05750798722044728
0.13043478260869565,0.1853035143769968
0.07246376811594203,0.08945686900958466
0.043478260869565216,0.12140575079872204
0.043478260869565216,0.08945686900958466
0.2898550724637681,0.23961661341853036
0.13043478260869565,0.10862619808306709
0.2028985507246377,0.19488817891373802
0.4492753623188406,0.19808306709265175
0.21739130434782608,0.3194888178913738
0.08695652173913043,0.21725239616613418
0.028985507246376812,0.08945686900958466
0.014492753623188406,0.025559105431309903
0.043478260869565216,0.054313099041533544
0.028985507246376812,0.04153354632587859
0.014492753623188406,0.025559105431309903
0.028985507246376812,0.08945686900958466
0.07246376811594203,0.10862619808306709
0.043478260869565216,0.019169329073482427
0.2753623188405797,0.2971246006389776
0.07246376811594203,0.051118210862619806
0.043478260869565216,0.038338658146964855
0.2028985507246377,0.24920127795527156
0.15942028985507245,0.10862619808306709
0.10144927536231885,0.14696485623003194
0.07246376811594203,0.134185303514377
0.07246376811594203,0.12779552715654952
0.07246376811594203,0.08306709265175719
0.07246376811594203,0.03194888178913738
0.043478260869565216,0.05750798722044728
0.2753623188405797,0.28115015974440893
0.2028985507246377,0.3194888178913738
0.08695652173913043,0.06389776357827476
0.07246376811594203,0.06070287539936102
0.043478260869565216,0.019169329073482427
0.028985507246376812,0.038338658146964855
0.10144927536231885,0.08306709265175719
0.18840579710144928,0.19488817891373802
0.15942028985507245,0.14696485623003194
0.0,0.006389776357827476
0.043478260869565216,0.04792332268370607
0.08695652173913043,0.21725239616613418
0.11594202898550725,0.051118210862619806
0.10144927536231885,0.07667731629392971
0.13043478260869565,0.08945686900958466
0.21739130434782608,0.2108626198083067
0.043478260869565216,0.05750798722044728
0.10144927536231885,0.08306709265175719
0.057971014492753624,0.025559105431309903
0.2898550724637681,0.19488817891373802
0.0,0.009584664536741214
0.057971014492753624,0.051118210862619806
0.057971014492753624,0.025559105431309903
0.11594202898550725,0.1853035143769968
0.028985507246376812,0.03194888178913738
0.0,0.009584664536741214
0.043478260869565216,0.04472843450479233
0.13043478260869565,0.1853035143769968
0.2028985507246377,0.3769968051118211
0.028985507246376812,0.012779552715654952
0.3333333333333333,0.14696485623003194
0.08695652173913043,0.10543130990415335
0.15942028985507245,0.1757188498402556
0.028985507246376812,0.019169329073482427
0.07246376811594203,0.051118210862619806
0.014492753623188406,0.04153354632587859
0.11594202898550725,0.13738019169329074
0.21739130434782608,0.17252396166134185
0.057971014492753624,0.15335463258785942
0.21739130434782608,0.09584664536741214
0.13043478260869565,0.10543130990415335
0.2028985507246377,0.20447284345047922
0.043478260869565216,0.019169329073482427
0.043478260869565216,0.04472843450479233
0.043478260869565216,0.04472843450479233
0.11594202898550725,0.12779552715654952
0.13043478260869565,0.23003194888178913
0.11594202898550725,0.12779552715654952
0.2753623188405797,0.3929712460063898
0.10144927536231885,0.08306709265175719
0.2753623188405797,0.1853035143769968
0.10144927536231885,0.08945686900958466
0.2463768115942029,0.3194888178913738
0.014492753623188406,0.025559105431309903
0.014492753623188406,0.006389776357827476
0.028985507246376812,0.012779552715654952
0.043478260869565216,0.07028753993610223
0.07246376811594203,0.10862619808306709
0.2028985507246377,0.15335463258785942
0.07246376811594203,0.08945686900958466
0.2028985507246377,0.24920127795527156
0.057971014492753624,0.07348242811501597
0.043478260869565216,0.08945686900958466
0.0,0.0
0.0,0.009584664536741214
0.11594202898550725,0.09904153354632587
0.057971014492753624,0.07348242811501597
0.014492753623188406,0.025559105431309903
0.13043478260869565,0.13738019169329074
0.13043478260869565,0.10543130990415335
0.07246376811594203,0.07987220447284345
0.11594202898550725,0.09904153354632587
0.11594202898550725,0.23322683706070288
0.057971014492753624,0.05750798722044728
0.043478260869565216,0.07028753993610223
0.043478260869565216,0.08945686900958466
0.2028985507246377,0.31309904153354634
0.11594202898550725,0.10862619808306709
0.2028985507246377,0.1757188498402556
0.028985507246376812,0.04153354632587859
0.15942028985507245,0.10862619808306709
0.10144927536231885,0.10862619808306709
0.07246376811594203,0.07028753993610223
0.21739130434782608,0.2747603833865815
0.13043478260869565,0.10543130990415335
0.2028985507246377,0.15654952076677317
0.014492753623188406,0.006389776357827476
0.043478260869565216,0.05750798722044728
0.014492753623188406,0.022364217252396165
0.08695652173913043,0.11501597444089456
0.2463768115942029,0.3194888178913738
0.07246376811594203,0.07987220447284345
0.014492753623188406,0.01597444089456869
0.2898550724637681,0.3738019169329074
0.043478260869565216,0.019169329073482427
0.2753623188405797,0.24920127795527156
0.043478260869565216,0.05750798722044728
0.043478260869565216,0.04792332268370607
0.10144927536231885,0.17891373801916932
0.043478260869565216,0.05750798722044728
0.07246376811594203,0.07028753993610223
0.15942028985507245,0.07028753993610223
0.057971014492753624,0.025559105431309903
0.07246376811594203,0.051118210862619806
0.014492753623188406,0.05750798722044728
0.21739130434782608,0.3003194888178914
0.028985507246376812,0.03194888178913738
0.15942028985507245,0.17252396166134185
0.4927536231884058,0.28115015974440893
0.014492753623188406,0.022364217252396165
0.028985507246376812,0.04153354632587859
0.043478260869565216,0.08945686900958466
0.028985507246376812,0.03194888178913738
0.043478260869565216,0.019169329073482427
0.2463768115942029,0.329073482428115
0.15942028985507245,0.14696485623003194
0.2028985507246377,0.24920127795527156
0.10144927536231885,0.08306709265175719
0.11594202898550725,0.14696485623003194
0.15942028985507245,0.15654952076677317
0.34782608695652173,0.3610223642172524
0.21739130434782608,0.3258785942492013
0.07246376811594203,0.13738019169329074
0.014492753623188406,0.025559105431309903
0.014492753623188406,0.006389776357827476
0.15942028985507245,0.22364217252396165
0.15942028985507245,0.1597444089456869
0.21739130434782608,0.12140575079872204
0.2463768115942029,0.1853035143769968
0.07246376811594203,0.1853035143769968
0.2028985507246377,0.12140575079872204
0.391304347826087,0.30670926517571884
0.21739130434782608,0.2364217252396166
0.028985507246376812,0.03194888178913738
0.2028985507246377,0.16613418530351437
0.15942028985507245,0.2364217252396166
0.15942028985507245,0.07028753993610223
0.34782608695652173,0.3610223642172524
0.15942028985507245,0.20447284345047922
0.07246376811594203,0.09584664536741214
0.15942028985507245,0.24281150159744408
0.014492753623188406,0.019169329073482427
0.057971014492753624,0.025559105431309903
0.11594202898550725,0.07028753993610223
0.11594202898550725,0.1853035143769968
0.043478260869565216,0.019169329073482427
0.0,0.0
0.057971014492753624,0.025559105431309903
0.15942028985507245,0.14696485623003194
0.10144927536231885,0.24920127795527156
0.15942028985507245,0.19488817891373802
0.07246376811594203,0.06070287539936102
0.057971014492753624,0.05750798722044728
0.028985507246376812,0.07348242811501597
0.028985507246376812,0.08945686900958466
0.13043478260869565,0.13738019169329074
0.028985507246376812,0.012779552715654952
0.043478260869565216,0.12140575079872204
0.014492753623188406,0.006389776357827476
0.014492753623188406,0.019169329073482427
0.014492753623188406,0.05750798722044728
0.2753623188405797,0.31309904153354634
0.10144927536231885,0.134185303514377
0.2463768115942029,0.10862619808306709
0.15942028985507245,0.12779552715654952
0.3333333333333333,0.24281150159744408
0.07246376811594203,0.07028753993610223
0.014492753623188406,0.03194888178913738
0.057971014492753624,0.025559105431309903
0.21739130434782608,0.14696485623003194
0.2028985507246377,0.23322683706070288
0.014492753623188406,0.006389776357827476
0.043478260869565216,0.07028753993610223
0.10144927536231885,0.14696485623003194
0.043478260869565216,0.08306709265175719
0.15942028985507245,0.19808306709265175
0.07246376811594203,0.07667731629392971
0.043478260869565216,0.05750798722044728
0.028985507246376812,0.03194888178913738
0.2753623188405797,0.2971246006389776
0.028985507246376812,0.012779552715654952
0.42028985507246375,0.33865814696485624
0.0,0.025559105431309903
0.07246376811594203,0.13738019169329074
0.014492753623188406,0.025559105431309903
0.13043478260869565,0.08945686900958466
0.043478260869565216,0.05750798722044728
0.2028985507246377,0.29073482428115016
0.11594202898550725,0.1182108626198083
0.0,0.0
0.07246376811594203,0.07987220447284345
0.15942028985507245,0.26198083067092653
0.028985507246376812,0.04153354632587859
0.028985507246376812,0.04153354632587859
0.15942028985507245,0.3769968051118211
0.10144927536231885,0.11501597444089456
0.21739130434782608,0.36421725239616615
0.028985507246376812,0.012779552715654952
0.18840579710144928,0.30670926517571884
0.2463768115942029,0.3003194888178914
0.07246376811594203,0.07028753993610223
0.07246376811594203,0.06070287539936102
0.15942028985507245,0.1757188498402556
0.014492753623188406,0.025559105431309903
0.11594202898550725,0.08945686900958466
0.13043478260869565,0.05750798722044728
0.043478260869565216,0.05750798722044728
0.07246376811594203,0.06070287539936102
0.21739130434782608,0.3003194888178914
0.028985507246376812,0.04153354632587859
0.10144927536231885,0.10862619808306709
0.057971014492753624,0.0670926517571885
0.014492753623188406,0.019169329073482427
0.014492753623188406,0.019169329073482427
0.34782608695652173,0.26517571884984026
0.043478260869565216,0.12140575079872204
0.043478260869565216,0.03194888178913738
0.014492753623188406,0.006389776357827476
0.07246376811594203,0.07028753993610223
0.014492753623188406,0.025559105431309903
0.043478260869565216,0.04472843450479233
0.13043478260869565,0.1597444089456869
0.014492753623188406,0.006389776357827476
0.07246376811594203,0.08945686900958466
0.13043478260869565,0.13738019169329074
0.028985507246376812,0.03194888178913738
0.014492753623188406,0.019169329073482427
0.057971014492753624,0.15335463258785942
0.10144927536231885,0.09584664536741214
0.028985507246376812,0.054313099041533544
0.043478260869565216,0.019169329073482427
0.028985507246376812,0.012779552715654952
0.10144927536231885,0.09584664536741214
0.11594202898550725,0.20447284345047922
0.043478260869565216,0.12140575079872204
0.10144927536231885,0.06389776357827476
0.043478260869565216,0.051118210862619806
0.028985507246376812,0.03194888178913738
0.07246376811594203,0.06389776357827476
0.10144927536231885,0.08306709265175719
0.043478260869565216,0.05750798722044728
0.15942028985507245,0.2364217252396166
0.13043478260869565,0.10543130990415335
0.10144927536231885,0.1853035143769968
0.3333333333333333,0.33865814696485624
0.2753623188405797,0.3769968051118211
0.11594202898550725,0.28115015974440893
0.10144927536231885,0.24920127795527156
0.0,0.009584664536741214
0.18840579710144928,0.26198083067092653
0.2753623188405797,0.28115015974440893
0.057971014492753624,0.05750798722044728
0.043478260869565216,0.08306709265175719
0.043478260869565216,0.038338658146964855
0.014492753623188406,0.025559105431309903
0.15942028985507245,0.07028753993610223
0.028985507246376812,0.04153354632587859
0.07246376811594203,0.134185303514377
0.11594202898550725,0.09904153354632587
0.11594202898550725,0.12779552715654952
0.15942028985507245,0.28115015974440893
0.21739130434782608,0.22364217252396165
0.028985507246376812,0.012779552715654952
0.13043478260869565,0.21725239616613418
0.2028985507246377,0.1853035143769968
0.043478260869565216,0.05750798722044728
0.2753623188405797,0.12140575079872204
0.028985507246376812,0.022364217252396165
0.0,0.006389776357827476
0.2028985507246377,0.13738019169329074
0.13043478260869565,0.10543130990415335
0.15942028985507245,0.16613418530351437
0.07246376811594203,0.13738019169329074
0.0,0.025559105431309903
0.21739130434782608,0.26198083067092653
0.014492753623188406,0.006389776357827476
0.043478260869565216,0.05750798722044728
0.07246376811594203,0.03194888178913738
0.043478260869565216,0.019169329073482427
0.043478260869565216,0.07028753993610223
0.014492753623188406,0.038338658146964855
0.014492753623188406,0.006389776357827476
0.3333333333333333,0.3514376996805112
0.10144927536231885,0.08306709265175719
0.043478260869565216,0.04472843450479233
0.057971014492753624,0.04792332268370607
0.057971014492753624,0.025559105431309903
0.11594202898550725,0.051118210862619806
0.08695652173913043,0.08306709265175719
0.15942028985507245,0.19808306709265175
0.2898550724637681,0.17252396166134185
0.10144927536231885,0.17252396166134185
0.11594202898550725,0.09904153354632587
0.10144927536231885,0.07028753993610223
0.028985507246376812,0.04472843450479233
0.15942028985507245,0.19488817891373802
0.0,0.0
0.2028985507246377,0.15335463258785942
0.2028985507246377,0.14696485623003194
0.043478260869565216,0.06070287539936102
0.21739130434782608,0.12140575079872204
0.15942028985507245,0.2364217252396166
0.07246376811594203,0.1853035143769968
0.043478260869565216,0.05750798722044728
0.18840579710144928,0.329073482428115
0.15942028985507245,0.2108626198083067
0.2463768115942029,0.26198083067092653
0.043478260869565216,0.05750798722044728
0.07246376811594203,0.13738019169329074
0.0,0.025559105431309903
0.043478260869565216,0.05750798722044728
0.15942028985507245,0.2715654952076677
0.10144927536231885,0.09584664536741214
0.10144927536231885,0.08306709265175719
0.07246376811594203,0.051118210862619806
0.014492753623188406,0.025559105431309903
0.15942028985507245,0.14696485623003194
0.2463768115942029,0.35782747603833864
0.07246376811594203,0.03194888178913738
0.15942028985507245,0.15654952076677317
0.043478260869565216,0.038338658146964855
0.043478260869565216,0.12140575079872204
0.07246376811594203,0.07028753993610223
0.13043478260869565,0.23322683706070288
0.028985507246376812,0.05750798722044728
0.15942028985507245,0.31309904153354634
0.043478260869565216,0.038338658146964855
0.18840579710144928,0.19488817891373802
0.2753623188405797,0.3003194888178914
0.42028985507246375,0.3961661341853035
0.028985507246376812,0.08945686900958466
0.07246376811594203,0.10862619808306709
0.13043478260869565,0.08945686900958466
0.15942028985507245,0.19169329073482427
0.028985507246376812,0.04153354632587859
0.028985507246376812,0.012779552715654952
0.2463768115942029,0.1853035143769968
0.2753623188405797,0.3769968051118211
0.014492753623188406,0.022364217252396165
0.043478260869565216,0.05750798722044728
0.043478260869565216,0.019169329073482427
0.057971014492753624,0.15335463258785942
0.13043478260869565,0.21725239616613418
0.014492753623188406,0.05750798722044728
0.4492753623188406,0.3514376996805112
0.028985507246376812,0.06389776357827476
0.15942028985507245,0.20447284345047922
0.15942028985507245,0.16613418530351437
0.07246376811594203,0.03194888178913738
0.014492753623188406,0.01597444089456869
0.15942028985507245,0.15654952076677317
0.028985507246376812,0.051118210862619806
0.043478260869565216,0.07028753993610223
0.10144927536231885,0.08306709265175719
0.057971014492753624,0.07348242811501597
0.15942028985507245,0.26198083067092653
0.18840579710144928,0.26198083067092653
0.014492753623188406,0.006389776357827476
0.043478260869565216,0.019169329073482427
0.2028985507246377,0.13738019169329074
0.2463768115942029,0.2523961661341853
0.07246376811594203,0.11501597444089456
0.11594202898550725,0.15654952076677317
0.07246376811594203,0.13738019169329074
0.043478260869565216,0.05750798722044728
0.0,0.009584664536741214
0.014492753623188406,0.05750798722044728
0.15942028985507245,0.14696485623003194
0.21739130434782608,0.33865814696485624
0.21739130434782608,0.3514376996805112
0.15942028985507245,0.1182108626198083
0.014492753623188406,0.04153354632587859
0.13043478260869565,0.19808306709265175
0.043478260869565216,0.05750798722044728
0.13043478260869565,0.10543130990415335
0.057971014492753624,0.025559105431309903
0.2028985507246377,0.29073482428115016
0.07246376811594203,0.03194888178913738
0.10144927536231885,0.04472843450479233
0.043478260869565216,0.03194888178913738
0.2753623188405797,0.12140575079872204
0.21739130434782608,0.22364217252396165
0.11594202898550725,0.12779552715654952
0.10144927536231885,0.14696485623003194
0.043478260869565216,0.12140575079872204
0.2028985507246377,0.24920127795527156
0.028985507246376812,0.054313099041533544
0.028985507246376812,0.03194888178913738
0.028985507246376812,0.012779552715654952
0.028985507246376812,0.04472843450479233
0.014492753623188406,0.025559105431309903
0.2028985507246377,0.23322683706070288
0.043478260869565216,0.12140575079872204
0.07246376811594203,0.11501597444089456
0.15942028985507245,0.2108626198083067
0.15942028985507245,0.134185303514377
0.2463768115942029,0.10862619808306709
0.21739130434782608,0.33865814696485624
0.028985507246376812,0.08945686900958466
0.15942028985507245,0.2108626198083067
0.07246376811594203,0.13738019169329074
0.2463768115942029,0.35782747603833864
0.07246376811594203,0.051118210862619806
0.2753623188405797,0.12140575079872204
0.043478260869565216,0.05750798722044728
0.15942028985507245,0.17252396166134185
0.2463768115942029,0.22364217252396165
0.043478260869565216,0.07028753993610223
0.07246376811594203,0.08945686900958466
0.21739130434782608,0.3003194888178914
0.18840579710144928,0.12779552715654952
0.028985507246376812,0.04153354632587859
0.2028985507246377,0.19488817891373802
0.15942028985507245,0.13738019169329074
0.07246376811594203,0.11501597444089456
0.07246376811594203,0.03194888178913738
0.10144927536231885,0.06389776357827476
0.043478260869565216,0.05750798722044728
0.014492753623188406,0.019169329073482427
0.014492753623188406,0.012779552715654952
0.028985507246376812,0.04153354632587859
0.057971014492753624,0.05750798722044728
0.028985507246376812,0.012779552715654952
0.028985507246376812,0.03194888178913738
0.2028985507246377,0.28115015974440893
0.07246376811594203,0.051118210862619806
0.014492753623188406,0.019169329073482427
0.10144927536231885,0.09584664536741214
0.043478260869565216,0.05750798722044728
0.028985507246376812,0.04153354632587859
0.043478260869565216,0.05750798722044728
0.11594202898550725,0.1757188498402556
0.15942028985507245,0.17252396166134185
0.13043478260869565,0.10543130990415335
0.18840579710144928,0.08306709265175719
0.014492753623188406,0.019169329073482427
0.028985507246376812,0.03194888178913738
0.07246376811594203,0.051118210862619806
0.2028985507246377,0.3929712460063898
0.057971014492753624,0.15335463258785942
0.3333333333333333,0.26198083067092653
0.34782608695652173,0.2971246006389776
0.15942028985507245,0.22364217252396165
0.10144927536231885,0.10862619808306709
0.10144927536231885,0.08306709265175719
0.3333333333333333,0.28115015974440893
0.028985507246376812,0.025559105431309903
0.10144927536231885,0.08306709265175719
0.043478260869565216,0.038338658146964855
0.014492753623188406,0.025559105431309903
0.014492753623188406,0.025559105431309903
0.043478260869565216,0.038338658146964855
0.2463768115942029,0.24281150159744408
0.10144927536231885,0.07667731629392971
0.028985507246376812,0.038338658146964855
0.13043478260869565,0.12140575079872204
0.21739130434782608,0.17252396166134185
0.07246376811594203,0.08306709265175719
0.15942028985507245,0.14696485623003194
0.014492753623188406,0.05750798722044728
0.07246376811594203,0.051118210862619806
0.014492753623188406,0.019169329073482427
0.21739130434782608,0.12140575079872204
0.13043478260869565,0.12779552715654952
0.07246376811594203,0.12779552715654952
0.10144927536231885,0.14696485623003194
0.15942028985507245,0.23322683706070288
0.057971014492753624,0.05750798722044728
0.2028985507246377,0.1757188498402556
0.10144927536231885,0.1853035143769968
0.07246376811594203,0.08945686900958466
0.043478260869565216,0.12140575079872204
0.057971014492753624,0.0926517571884984
0.014492753623188406,0.012779552715654952
0.2028985507246377,0.16613418530351437
0.42028985507246375,0.3610223642172524
0.15942028985507245,0.1182108626198083
0.11594202898550725,0.10862619808306709
0.10144927536231885,0.10862619808306709
0.057971014492753624,0.025559105431309903
0.07246376811594203,0.08945686900958466
0.13043478260869565,0.10543130990415335
0.10144927536231885,0.12140575079872204
0.18840579710144928,0.134185303514377
0.2463768115942029,0.10862619808306709
0.15942028985507245,0.2364217252396166
0.0,0.0
0.15942028985507245,0.07028753993610223
0.014492753623188406,0.012779552715654952
0.13043478260869565,0.15335463258785942
0.15942028985507245,0.07028753993610223
0.11594202898550725,0.10862619808306709
0.043478260869565216,0.038338658146964855
0.11594202898550725,0.23322683706070288
0.057971014492753624,0.07987220447284345
0.10144927536231885,0.15335463258785942
0.15942028985507245,0.2364217252396166
0.043478260869565216,0.05750798722044728
0.15942028985507245,0.1182108626198083
0.15942028985507245,0.17252396166134185
0.11594202898550725,0.1757188498402556
0.2463768115942029,0.35782747603833864
0.043478260869565216,0.07028753993610223
0.11594202898550725,0.14696485623003194
0.028985507246376812,0.03194888178913738
0.07246376811594203,0.10223642172523961
0.21739130434782608,0.33865814696485624
0.028985507246376812,0.03194888178913738
0.2028985507246377,0.16932907348242812
0.10144927536231885,0.24920127795527156
0.043478260869565216,0.12140575079872204
0.028985507246376812,0.04153354632587859
0.043478260869565216,0.12140575079872204
0.2028985507246377,0.1853035143769968
0.2028985507246377,0.22364217252396165
0.07246376811594203,0.0926517571884984
0.043478260869565216,0.05750798722044728
0.014492753623188406,0.025559105431309903
0.11594202898550725,0.1853035143769968
0.014492753623188406,0.022364217252396165
0.028985507246376812,0.04153354632587859
0.10144927536231885,0.07028753993610223
0.13043478260869565,0.07028753993610223
0.2753623188405797,0.24920127795527156
0.2028985507246377,0.08945686900958466
0.014492753623188406,0.01597444089456869
0.15942028985507245,0.134185303514377
0.014492753623188406,0.03194888178913738
0.13043478260869565,0.10543130990415335
0.10144927536231885,0.08306709265175719
0.15942028985507245,0.3769968051118211
0.028985507246376812,0.06389776357827476
0.07246376811594203,0.10223642172523961
0.07246376811594203,0.08306709265175719
0.13043478260869565,0.15335463258785942
0.21739130434782608,0.14696485623003194
0.057971014492753624,0.15335463258785942
0.15942028985507245,0.14696485623003194
0.014492753623188406,0.025559105431309903
0.2463768115942029,0.28115015974440893
0.0,0.009584664536741214
0.028985507246376812,0.038338658146964855
0.15942028985507245,0.16613418530351437
0.11594202898550725,0.07028753993610223
0.13043478260869565,0.10543130990415335
0.07246376811594203,0.10862619808306709
0.13043478260869565,0.17252396166134185
0.07246376811594203,0.08306709265175719
0.10144927536231885,0.10862619808306709
0.028985507246376812,0.04153354632587859
0.11594202898550725,0.1757188498402556
0.07246376811594203,0.12779552715654952
0.07246376811594203,0.05750798722044728
0.028985507246376812,0.03194888178913738
0.15942028985507245,0.22364217252396165
0.014492753623188406,0.025559105431309903
0.07246376811594203,0.08945686900958466
0.10144927536231885,0.12779552715654952
0.014492753623188406,0.05750798722044728
0.07246376811594203,0.051118210862619806
0.42028985507246375,0.24281150159744408
0.07246376811594203,0.03194888178913738
0.11594202898550725,0.14696485623003194
0.13043478260869565,0.17252396166134185
0.028985507246376812,0.03194888178913738
0.07246376811594203,0.08945686900958466
0.10144927536231885,0.04472843450479233
0.13043478260869565,0.10543130990415335
0.043478260869565216,0.08306709265175719
0.014492753623188406,0.022364217252396165
0.07246376811594203,0.07987220447284345
0.13043478260869565,0.15335463258785942
0.21739130434782608,0.2364217252396166
0.15942028985507245,0.2108626198083067
0.028985507246376812,0.054313099041533544
0.2463768115942029,0.20447284345047922
0.043478260869565216,0.038338658146964855
0.014492753623188406,0.006389776357827476
0.11594202898550725,0.07987220447284345
0.0,0.025559105431309903
0.014492753623188406,0.025559105431309903
0.07246376811594203,0.06070287539936102
0.2028985507246377,0.2715654952076677
0.11594202898550725,0.15654952076677317
0.014492753623188406,0.006389776357827476
0.043478260869565216,0.08945686900958466
0.07246376811594203,0.04472843450479233
0.11594202898550725,0.1853035143769968
0.15942028985507245,0.1757188498402556
0.028985507246376812,0.05750798722044728
0.10144927536231885,0.04472843450479233
0.057971014492753624,0.15335463258785942
0.07246376811594203,0.13738019169329074
0.057971014492753624,0.07348242811501597
0.07246376811594203,0.07987220447284345
0.07246376811594203,0.11501597444089456
0.043478260869565216,0.05750798722044728
0.2753623188405797,0.28753993610223644
0.028985507246376812,0.012779552715654952
0.15942028985507245,0.134185303514377
0.043478260869565216,0.08306709265175719
0.014492753623188406,0.01597444089456869
0.014492753623188406,0.012779552715654952
0.043478260869565216,0.05750798722044728
0.028985507246376812,0.03194888178913738
0.014492753623188406,0.025559105431309903
0.10144927536231885,0.07028753993610223
0.11594202898550725,0.09904153354632587
0.2028985507246377,0.1853035143769968
0.15942028985507245,0.14696485623003194
0.15942028985507245,0.30670926517571884
0.15942028985507245,0.17252396166134185
0.028985507246376812,0.08945686900958466
0.2463768115942029,0.3194888178913738
0.07246376811594203,0.06389776357827476
0.10144927536231885,0.07028753993610223
0.2753623188405797,0.2971246006389776
0.10144927536231885,0.09584664536741214
0.11594202898550725,0.07987220447284345
0.057971014492753624,0.15335463258785942
0.014492753623188406,0.006389776357827476
0.014492753623188406,0.05750798722044728
0.10144927536231885,0.08306709265175719
0.13043478260869565,0.1597444089456869
0.014492753623188406,0.025559105431309903
0.10144927536231885,0.08306709265175719
0.014492753623188406,0.04153354632587859
0.15942028985507245,0.10862619808306709
0.028985507246376812,0.04153354632587859
0.15942028985507245,0.1853035143769968
0.3333333333333333,0.3961661341853035
0.2753623188405797,0.21725239616613418
0.014492753623188406,0.006389776357827476
0.014492753623188406,0.01597444089456869
0.07246376811594203,0.06070287539936102
0.21739130434782608,0.2108626198083067
0.028985507246376812,0.022364217252396165
0.42028985507246375,0.3769968051118211
0.07246376811594203,0.07028753993610223
0.014492753623188406,0.019169329073482427
0.028985507246376812,0.03194888178913738
0.028985507246376812,0.04153354632587859
0.014492753623188406,0.019169329073482427
0.34782608695652173,0.2012779552715655
0.043478260869565216,0.02875399361022364
0.11594202898550725,0.07987220447284345
0.0,0.0
0.10144927536231885,0.08306709265175719
0.014492753623188406,0.019169329073482427
0.07246376811594203,0.03194888178913738
0.07246376811594203,0.134185303514377
0.10144927536231885,0.08306709265175719
0.15942028985507245,0.24920127795527156
0.3333333333333333,0.19808306709265175
0.014492753623188406,0.006389776357827476
0.057971014492753624,0.025559105431309903
0.15942028985507245,0.19488817891373802
0.15942028985507245,0.1597444089456869
0.21739130434782608,0.17252396166134185
0.21739130434782608,0.19808306709265175
0.2463768115942029,0.28115015974440893
0.043478260869565216,0.12140575079872204
0.11594202898550725,0.1757188498402556
0.08695652173913043,0.08306709265175719
0.043478260869565216,0.05750798722044728
0.11594202898550725,0.12779552715654952
0.057971014492753624,0.07348242811501597
0.014492753623188406,0.012779552715654952
0.07246376811594203,0.12140575079872204
0.3333333333333333,0.24281150159744408
0.10144927536231885,0.10862619808306709
0.15942028985507245,0.22364217252396165
0.11594202898550725,0.07987220447284345
0.057971014492753624,0.07348242811501597
0.07246376811594203,0.08945686900958466
0.2753623188405797,0.28115015974440893
0.15942028985507245,0.24920127795527156
0.07246376811594203,0.06070287539936102
0.13043478260869565,0.1853035143769968
0.014492753623188406,0.006389776357827476
0.043478260869565216,0.038338658146964855
0.028985507246376812,0.04153354632587859
0.057971014492753624,0.025559105431309903
0.07246376811594203,0.15335463258785942
0.07246376811594203,0.03194888178913738
0.15942028985507245,0.10862619808306709
0.10144927536231885,0.17891373801916932
0.10144927536231885,0.07667731629392971
0.043478260869565216,0.12140575079872204
0.043478260869565216,0.03194888178913738
0.13043478260869565,0.07028753993610223
0.043478260869565216,0.051118210862619806
0.10144927536231885,0.08306709265175719
0.07246376811594203,0.06070287539936102
0.42028985507246375,0.28115015974440893
0.043478260869565216,0.051118210862619806
0.13043478260869565,0.12140575079872204
0.057971014492753624,0.15335463258785942
0.15942028985507245,0.19488817891373802
0.014492753623188406,0.05750798722044728
0.34782608695652173,0.3450479233226837
0.07246376811594203,0.07028753993610223
0.2028985507246377,0.31309904153354634
0.15942028985507245,0.10862619808306709
0.028985507246376812,0.012779552715654952
0.10144927536231885,0.12140575079872204
0.07246376811594203,0.06070287539936102
0.15942028985507245,0.10862619808306709
0.2753623188405797,0.3450479233226837
0.10144927536231885,0.10862619808306709
0.391304347826087,0.2747603833865815
0.028985507246376812,0.08945686900958466
0.15942028985507245,0.1757188498402556
0.043478260869565216,0.03194888178913738
0.014492753623188406,0.05750798722044728
0.043478260869565216,0.038338658146964855
0.07246376811594203,0.10862619808306709
0.014492753623188406,0.038338658146964855
0.11594202898550725,0.14696485623003194
0.07246376811594203,0.13738019169329074
0.2463768115942029,0.35782747603833864
0.043478260869565216,0.12140575079872204
0.21739130434782608,0.19808306709265175
0.11594202898550725,0.10862619808306709
0.11594202898550725,0.12779552715654952
0.043478260869565216,0.019169329073482427
0.2028985507246377,0.2971246006389776
0.057971014492753624,0.05750798722044728
0.028985507246376812,0.038338658146964855
0.2753623188405797,0.3929712460063898
0.21739130434782608,0.09584664536741214
0.2463768115942029,0.20447284345047922
0.043478260869565216,0.08945686900958466
0.21739130434782608,0.17891373801916932
0.2753623188405797,0.28115015974440893
0.15942028985507245,0.2108626198083067
0.2028985507246377,0.1853035143769968
0.15942028985507245,0.1853035143769968
0.21739130434782608,0.1853035143769968
0.08695652173913043,0.038338658146964855
0.2028985507246377,0.13738019169329074
0.07246376811594203,0.03194888178913738
0.07246376811594203,0.07028753993610223
0.2028985507246377,0.3929712460063898
0.10144927536231885,0.24920127795527156
0.13043478260869565,0.17891373801916932
0.028985507246376812,0.03194888178913738
0.028985507246376812,0.04153354632587859
0.07246376811594203,0.12779552715654952
0.014492753623188406,0.006389776357827476
0.13043478260869565,0.15335463258785942
0.07246376811594203,0.1853035143769968
0.043478260869565216,0.08945686900958466
0.2028985507246377,0.329073482428115
0.028985507246376812,0.02875399361022364
0.043478260869565216,0.05750798722044728
0.014492753623188406,0.05750798722044728
0.10144927536231885,0.24920127795527156
0.057971014492753624,0.15335463258785942
0.028985507246376812,0.04153354632587859
0.37681159420289856,0.3961661341853035
0.07246376811594203,0.07987220447284345
0.15942028985507245,0.15654952076677317
0.15942028985507245,0.2108626198083067
0.34782608695652173,0.2971246006389776
0.10144927536231885,0.05750798722044728
0.043478260869565216,0.03194888178913738
0.043478260869565216,0.12140575079872204
0.10144927536231885,0.12140575079872204
0.043478260869565216,0.038338658146964855
0.10144927536231885,0.10223642172523961
0.08695652173913043,0.038338658146964855
0.043478260869565216,0.051118210862619806
0.043478260869565216,0.08306709265175719
0.043478260869565216,0.05750798722044728
0.014492753623188406,0.025559105431309903
0.13043478260869565,0.12779552715654952
0.043478260869565216,0.05750798722044728
0.21739130434782608,0.1853035143769968
0.028985507246376812,0.019169329073482427
0.014492753623188406,0.025559105431309903
0.2753623188405797,0.3769968051118211
0.10144927536231885,0.07028753993610223
0.043478260869565216,0.07987220447284345
0.10144927536231885,0.08306709265175719
0.18840579710144928,0.15335463258785942
0.028985507246376812,0.04153354632587859
0.043478260869565216,0.04472843450479233
0.043478260869565216,0.05750798722044728
0.07246376811594203,0.1853035143769968
0.043478260869565216,0.12140575079872204
0.043478260869565216,0.019169329073482427
0.08695652173913043,0.10543130990415335
0.10144927536231885,0.12140575079872204
0.2463768115942029,0.35782747603833864
0.18840579710144928,0.19488817891373802
0.21739130434782608,0.1853035143769968
0.15942028985507245,0.23322683706070288
0.028985507246376812,0.05750798722044728
0.15942028985507245,0.2523961661341853
0.043478260869565216,0.08945686900958466
0.15942028985507245,0.24920127795527156
0.15942028985507245,0.2364217252396166
0.043478260869565216,0.05750798722044728
0.014492753623188406,0.03194888178913738
0.07246376811594203,0.13738019169329074
0.15942028985507245,0.10862619808306709
0.043478260869565216,0.05750798722044728
0.21739130434782608,0.3514376996805112
0.2463768115942029,0.28115015974440893
0.11594202898550725,0.14696485623003194
0.15942028985507245,0.10223642172523961
0.057971014492753624,0.11501597444089456
0.014492753623188406,0.05750798722044728
0.043478260869565216,0.12140575079872204
0.13043478260869565,0.13738019169329074
0.014492753623188406,0.025559105431309903
0.043478260869565216,0.07987220447284345
0.15942028985507245,0.19488817891373802
0.07246376811594203,0.06070287539936102
0.3333333333333333,0.1853035143769968
0.21739130434782608,0.31309904153354634
0.057971014492753624,0.025559105431309903
0.21739130434782608,0.17252396166134185
0.057971014492753624,0.07348242811501597
0.028985507246376812,0.08945686900958466
0.07246376811594203,0.03194888178913738
0.15942028985507245,0.16613418530351437
0.07246376811594203,0.12779552715654952
0.11594202898550725,0.28115015974440893
0.07246376811594203,0.08306709265175719
0.21739130434782608,0.2747603833865815
0.18840579710144928,0.1501597444089457
0.014492753623188406,0.03194888178913738
0.18840579710144928,0.19488817891373802
0.07246376811594203,0.07987220447284345
0.057971014492753624,0.025559105431309903
0.07246376811594203,0.03194888178913738
0.014492753623188406,0.022364217252396165
0.07246376811594203,0.15335463258785942
0.21739130434782608,0.14696485623003194
0.08695652173913043,0.21725239616613418
0.0,0.025559105431309903
0.07246376811594203,0.12779552715654952
0.043478260869565216,0.05750798722044728
0.10144927536231885,0.12140575079872204
0.028985507246376812,0.07348242811501597
0.10144927536231885,0.06389776357827476
0.043478260869565216,0.019169329073482427
0.028985507246376812,0.04153354632587859
0.014492753623188406,0.012779552715654952
0.10144927536231885,0.04472843450479233
0.014492753623188406,0.04153354632587859
0.2463768115942029,0.3194888178913738
0.15942028985507245,0.16613418530351437
0.15942028985507245,0.07028753993610223
0.07246376811594203,0.08306709265175719
0.2753623188405797,0.3003194888178914
0.07246376811594203,0.07667731629392971
0.07246376811594203,0.08306709265175719
0.2028985507246377,0.2012779552715655
0.028985507246376812,0.08945686900958466
0.21739130434782608,0.134185303514377
0.0,0.0
0.15942028985507245,0.19488817891373802
0.07246376811594203,0.1853035143769968
0.2463768115942029,0.3194888178913738
0.0,0.0
0.15942028985507245,0.2108626198083067
0.028985507246376812,0.04792332268370607
0.15942028985507245,0.1182108626198083