A39EFC2F-0E9C-E6DF-1B4B-E142E2B168DB,1
74E21EE1-357A-2B72-38C8-E840F3F36D84,1
C54A8D58-684A-EAEB-4724-769C1FB145D4,1
0F44CE1C-D3F0-46C1-0199-ED892A68E0F3,1
65C20D82-CA99-2A5C-9BD1-8440ED352C68,1
80C6F9CF-5D0E-8400-D52E-F83B67FD7B20,1
7D6FDB20-2DCE-D338-E7A4-070013DBFCA0,1
C54874A0-3903-7AF3-F9A9-416C417E3A7C,1
27FD0B9A-3C28-DD33-B653-7C0154FFC692,1
7AF93176-75D1-B1D1-E468-D8850E6EDA56,1
87420E6A-8932-3A51-671A-B23EBD1C162A,1
987B8BFA-D8C1-2D9C-7C6A-89E80981582E,1
B6FC415F-B370-6220-79FD-B1A17F9C3F23,1
3F2C638A-F83B-B384-D465-2130AA2CCFFE,1
E773CA44-2B4E-F333-5B8C-2E0C87C089C7,1
C4269070-79DC-D0BB-71DC-003D91611565,1
29CA16C5-347F-0147-083B-92EC4240A8C9,1
8DD279DA-5230-9016-349E-AEF0FD67CFBA,1
0C6A80A8-47F9-24D4-D87C-3E6DCD4C9702,1
0FA0A998-82B1-B46C-D185-1BC470F44DFA,1
4682BF62-C445-3CCA-A460-2185DC0A9217,1
FEB794BE-E962-12D0-9BD8-91146BA9CC2E,1
026A96C8-1CE4-9504-EF44-83BA47DFE007,1
CB9B1CAE-6DAA-EEA2-A383-94969168EC41,1
3501A43E-428F-CF5C-8B59-A4EE91172FC0,1
B08144BC-51EF-7D4C-7F84-1090B1A847DA,1
2C8971D9-5B33-AD0F-2B2C-5A9CD8AD22C7,1
3B722912-E2CB-7D31-CCC4-2DD7E94309ED,1
06490D1F-31A5-E7BE-9260-7E7B282880FD,1
11BF8078-248E-9631-619E-A8B03DBDEADC,1
CCE33A5D-599F-2953-A266-668F4DF9920A,1
AF7DBDF4-BB51-0CFC-A10F-8CF2254B5028,1
B765EA1B-3213-EBD8-5D24-E44718A5EC5C,1
8D62F284-096C-6F46-DD44-965139FF9D6C,1
FC55A0CE-1E89-B2B1-52B9-652731DE5E5C,1
AAC882D7-DF4C-BF09-25A3-BAF948EF3B11,1
32ACA56C-D1A0-6114-64B0-7071B3D617DB,1
6C261E97-0AE8-C505-76A1-6B0B358B0180,1
35EED8EC-7452-A057-CA1C-F3564BF20121,1
E51D06A2-DBD6-94D1-B88B-A72BE1A82D1C,1
1EDE7733-4AEC-B158-0A3B-68A38F5A370D,1
F295676A-16FF-4740-A37C-2002589FA688,1
1C129752-E08C-9FAE-B41E-596E790E690F,1
C67A1673-6BFC-67D4-957C-3562230E44E3,1
BF36D274-BFF5-A2CA-ABD7-FFC55E77180A,1
20CA165B-B5EA-0BD7-986F-0373BB74D11E,1
8FE49898-C82B-ED85-AF7A-BED4E9939FCF,1
B8A564F4-FF34-D060-E4D3-3A1FDE4662A8,1
D41D0E52-9E2A-1731-DA39-B51D31D4AFE2,1
2017D17C-3A8E-9FF6-DD0F-A677FB549BD6,1
6D2C7308-1D5A-E7EE-C91F-5E95CF3AF19F,2
90C85AD9-BC19-B8F0-3B61-1C337A306DCD,2
464E4BEF-A7C9-6942-2821-8E9AAD4BD1FE,2
964C77B8-6CCE-7C38-A101-78E9F9C4D5AE,2
2065265B-F357-AB9B-F6FD-C005CB54EA5E,2
35884C67-E208-52C3-554D-EDC0D862B920,2
718BECD3-85C9-BB99-0D96-D4DEE768C5CA,2
38571E96-F97E-853D-2FF5-6BFC41F1BD3E,2
EB12E59C-12DF-4A64-CA5C-CE04715358AD,2
1B69B9EF-C924-ED77-73BB-31946C8C6B78,2
A358EF83-2594-24C6-9D08-62E8B1A26E91,2
445ECA2A-6BC5-EB59-D10E-9825173C280A,2
B6C2C52F-776C-E6AC-0C44-CC03754392CA,2
80D0E59D-2664-7DA4-77CC-BB2633FA8701,2
7C98C1CA-9275-10DA-B51A-6F7BE29EC6EE,2
08091ACE-31A4-70FA-DE3C-BA80DEE684F2,2
897DB66D-5C00-CF5B-4B2D-2694E72BDF42,2
56398D46-1CD5-8F70-D764-3032733BFE03,2
F42D8E95-E297-05B4-C7D5-0C3EF2DD8175,2
47B0203D-6A0D-4A34-9907-2D67EBAD18E7,2
F3BDC936-2E4B-6A12-9FFB-97AB4758C1D4,2
9F912EC8-A48B-9990-8719-64B25E2CB0F7,2
83569502-E064-071E-5730-0D59B7247352,2
2AE84E8B-2891-D718-7B37-B8B8654C0A64,2
A40321E2-6335-0ED4-280B-332C8643E54A,2
5AE7D042-B068-9ACD-5148-2C8C8753AEEA,2
42F2B57B-5FF6-CF1A-7272-602DC64DC21C,2
808BF800-2BA0-8E7D-7973-551B9801481A,2
401FC238-C8F5-BD33-B334-986FC2D8CC69,2
AF7F8CCF-82DF-71F5-0B94-5798BF3542F1,2
BABE6779-0F6D-C675-2DF9-A4AA44D5E3C9,2
6AE69F6F-539C-303B-6080-DDA7A51811DC,2
A4298277-AA50-1375-1F97-0E9F87FA19B4,2
0761D7C4-65BE-D813-D9BB-49B38924B8F6,2
BC63BDED-530E-417E-6797-D4AD1B49DAE7,2
9E5DFB19-742F-F3C4-7A14-62E149FE0A55,2
FA734BBB-F234-9845-A9D0-25AC8B896A7A,2
0960FC2B-AE4D-88BF-F131-2CFB8CE10707,2
463D59D8-48D5-2E81-4F1A-AF7F2AD9A3E9,2
A354EFC9-FBBF-D1DD-1BED-8A7DC4C11EB0,2
DCA33109-60D8-F270-B1C5-74213F2D74DD,2
5B87CE8C-A12A-7263-7D0D-BDE3F57933FC,2
F1BF55C6-3538-227A-6CE9-3D1165900668,2
4CFF055C-B25A-3459-FEB3-5538C9835E8C,2
49A0EE4C-69B3-7FA4-6FDD-11FA281AF9CE,2
4DE9002E-4D83-3904-27A4-9ED3BF0005C4,2
4C3AC6CA-844B-CE8A-08C6-7677EED63D2E,2
7FDED2E1-8D54-331D-86F4-AA0100E43862,2
D8F63387-38B1-4662-BA2E-8D139CB20DF0,2
59E51A56-057A-3982-5791-1B9A56E1FF56,2
7D6302AA-9764-F683-168C-682363B6C0C8,3
3838BC31-24B5-79FD-ED05-A3B6FB3CDBEF,3
39354F43-14DA-EC80-D8D7-E159EC9A28D4,3
071A9E86-4A4F-8841-D00D-DA06C1DB65B9,3
0264AF2B-E609-E268-2ACD-49C832C64B4C,3
FBE04152-B7A5-8841-8488-77B7930AE81C,3
F050251D-5212-AFBE-A320-D8EEF51A63A2,3
A0587CA7-34D3-44EC-7A1A-AE5A8F51F00C,3
1D09A2C8-CC6B-EB7C-A87E-A74BEAC650D5,3
30FCD184-BE3F-C7B7-5554-A1802581BE56,3
D87761AF-4169-F519-E0FC-06373B1BC15D,3
0BB57773-A9E3-531A-D9BD-A6A0FF22C053,3
DEE0F9C7-18FC-A314-2DCA-222183196D01,3
F8723BFA-56C7-92E8-9682-EAAB43527602,3
4E1CB7C7-D847-4D7C-D066-C7E749F50091,3
D31C3A9D-0830-7801-DA08-6CCE87B7C1DE,3
72AA85DA-BD6B-B906-25FF-1C591E2B5628,3
C3AEF1B7-244D-F06C-78D7-56A1B0CAD4BD,3
DBAD636D-33B5-BD9D-277D-ED0BE1CE2308,3
A7551A3A-EFD4-4801-332E-8A30DE18D9B5,3
CDB9C355-A98D-1D1E-0E50-F5C9B3929DF7,3
7B324230-2F8C-AB15-9FA0-3DA6E98B0C5C,3
E8DC6248-1167-F776-01E2-7798DCCE4444,3
05EFBBEC-58E2-4503-261E-0353C5540CC9,3
8C681748-3FCE-ABCE-1CC8-4D1AFBA47C19,3
31948298-17DF-D4E5-B0C4-2F1427C7E214,3
638B3FE1-77D1-E539-367E-BB138C737F5A,3
72701EF1-B324-21F7-C0BD-DCAF71C13E5D,3
30976225-F195-2202-5F3A-BB48DA58EDB9,3
E336A7EF-AFC1-4B9B-40A0-46D8232955C9,3
EBA153BD-5E94-053C-2DFC-7689430D1123,3
FFD71130-A26A-DA73-DDA9-B8F20DF6873F,3
CCA62092-83F3-B04F-BE08-243EADC0E8F2,3
F1FA23BC-C2B7-FCF2-199C-E2E9457095D1,3
2C505BFD-6BA2-082C-C540-CA7CDC2A6664,3
7B5F1B6A-99AE-8B53-1636-AC8C8287CFFB,3
0CAB1FCD-6E42-9274-73B1-25B30A0705B5,3
82DD8CD6-E155-9699-8C8C-E81132420DA7,3
145DD7C4-9085-26D3-961C-A771A5A1E165,3
650A251D-8D4F-2CA5-4F35-398CBFE7D27A,3
8D1C3520-EB29-A839-31C3-F63E70729034,3
785A9CE0-DB1B-FBA5-0D5B-1E5F540E395E,3
DC10553B-67B8-30C9-FC3E-0DA59713587E,3
366D779E-E34F-60EA-E1CD-70BF3198C07F,3
E57CF4B7-1246-F0D4-F08E-4A4243AC8AE4,3
3EEA86E7-8108-2A4D-C309-9687FB8560A1,3
BCD3A268-0940-D37A-7D74-D93D45F61AE7,3
2F8A9BA5-981D-A7B7-FEE9-429852EBBFE9,3
39EA2BE8-C967-5405-14F3-7F7CEDD2158A,3
81AA97B2-F36D-3AB0-6DF6-95396A93B65C,3
55942E15-2D94-50CD-78C7-8FCDD0E9501C,4
73B1227B-71A3-1304-1313-016EE2FE08BF,4
B572CE02-86F3-9AEE-AF81-1D75ECF86B8F,4
A457323C-5997-582C-106D-D0842FB61B2D,4
7752B78C-EF0F-84DC-CDF3-479757DB677F,4
A8C51823-507F-A3A1-B0E3-9BE6ACA59BA4,4
2C79FA60-816B-5838-79B2-97A82FB51295,4
771381A4-C222-044E-5A6C-A7D8806F8693,4
2DBFC700-9C8A-00AE-C0E7-49A1895157A6,4
4DA1D6CB-54B2-7BFC-C68E-B7AB78B55AD4,4
D0E70CCA-B954-8E42-C319-F11030AC6A40,4
561C8578-1786-479F-C17C-38B00A47FB83,4
A11ED68B-C8B2-169A-9E25-04D0B3A5E638,4
CBC18A02-41F5-C6A0-1BC1-72DC17267F50,4
8989C70F-4798-D1EA-358F-C76D7B0DCDC5,4
901A6E54-E867-4502-1535-9D07CD92348D,4
3A7243AC-3939-8F89-7BCF-832DEE20E78F,4
0832BF6C-2115-BA37-EA38-53D55311DAB6,4
845FD274-770B-B515-A162-7FA51DBD5522,4
428835A2-6C8A-17DE-E1FF-BBD09E5DFAAC,4
C2B7AE96-E349-B3BD-1182-2F191EAE00D3,4
089F04DB-C030-7D20-0BB7-68C415355653,4
277C2680-038A-5F32-F7D7-2D9B958507B0,4
2F21D8AA-EC71-B9F8-773C-EC76F1C614B6,4
482F1A2D-7E57-6CAE-2EFC-415304933BBF,4
78634411-E15B-2618-9FBE-5FB0404A37DB,4
367DBCA9-42D9-3A2E-0D7D-68C754512479,4
58ACD8F8-E71B-4DE1-7F1B-F38848E3A8DE,4
66BB23E6-6EFE-928A-B822-D962F4B1DB2C,4
E6FE3C75-AD58-C86D-6FAD-711C50AB327C,4
6E9EA1DC-1A56-4607-4DE7-F56C4533042F,4
A1EEDCE3-7D28-610B-0399-BD7D9BBE5764,4
0BDFED60-E049-B0BE-0389-65EF624AD374,4
9E481823-348F-0640-871A-DEF5F43C06D6,4
E1F93935-D730-32E5-6908-FE5C10A6B791,4
9D519C45-8396-747F-BE3B-9A4CF6B42C54,4
3E353926-A658-3A63-6542-7F4E5510E885,4
E74FBA00-2B01-259E-6CD2-F0A1544F86B1,4
837B43C9-3BFA-6F06-8079-A82C71412570,4
EBC4C705-7557-CA2F-1FC8-0C1F95BB2EF6,4
399270E9-9D1D-4093-B6D2-EDD01DD776F2,4
F6DFBD95-E36E-53B3-94B0-A4E5CD6F78AE,4
B6025607-AAA1-4686-B1AB-D2E058E62EC4,4
5479AA8C-F8CA-C6E7-8359-9EA2D2716034,4
DBAF88AA-16FC-0040-2C60-3134AD9CE632,4
7D4B1911-E56D-5071-85F6-35A276CD2100,4
F8877860-4FED-6B32-057D-DA76AC3E9317,4
139F6A00-CC81-EBC0-109B-63AC8E4B31E3,4
F58CFF86-7F75-09A7-E00F-D93312CE28E2,4
F3E93845-2928-082E-5133-7ADC290A6DFC,4
4D8D96CB-73C8-1812-0AA3-13647302952B,5
7D4E918C-692B-5937-60B2-22FBF1E405E2,5
D8541BCA-12D4-C757-D07A-EFCF77910DA6,5
9A170DB8-85AC-225F-5EAC-21D6888B6A2B,5
E1D71381-A1F7-36BB-C06C-825DC145E69F,5
6F204B91-102D-7B98-E807-0749867B19E9,5
35339AE6-6326-92C2-0F05-92091099DA64,5
539B45B5-3E48-4150-AA39-F6F6623340B1,5
1A14C838-8521-F589-6405-C380D870A82C,5
E85D84A0-BA61-3432-CF4F-D1FF6C8D942D,5
DF25BF57-6043-6CCD-FF08-A95D71EFE190,5
0669DE89-2D53-C203-349A-8055C2E3DD95,5
C261C5A1-2AF7-88EF-7AC9-51C53B09FDE3,5
7EBBA713-030F-16BD-0D27-FE60CCA05833,5
33140343-6CD9-A999-37C3-96954C883671,5
7A2F596D-7FF9-0C65-DEC2-D3F050D71B03,5
C50E2089-C613-CD0D-40F9-701545CE2AF4,5
8BC9139C-BC98-FFA6-E01F-AABDB474379E,5
56115872-21B8-21DF-CFD9-481C083BC1B5,5
75477735-3674-9490-D76B-A7397CA68600,5
A0771944-666D-34C0-90E1-552F361E9757,5
2C3B0014-C0DE-24AF-ED1B-0FDCA64E01E1,5
97886BC4-562F-ABE5-E97D-310C16894681,5
03A95971-F52B-908D-3336-3169AD1C52D1,5
88EF51F2-9913-C455-B168-DB6FE47D25F5,5
9283EDEE-A83A-281A-4FF3-817C35BE90D7,5
7445A1CA-D9F6-8C12-0FC7-1ADCD3EFFFE5,5
62240997-097A-EE72-38B6-2971944035C5,5
860CB510-524F-7230-EC84-97ADF36C8C81,5
68C57EB1-321F-D4CB-C63C-AAFC06E1C093,5
8EB08B42-731F-B4D6-D1A2-0ED1C1D9B267,5
DA6E01C7-F759-F846-7FD8-9CB1BFE148FA,5
E47D94E0-0546-9782-4450-1A0BCEE993EF,5
83804423-3650-FE0B-00E1-A626031405BF,5
87FCEEC0-21A7-2729-6FF8-D61566BD567A,5
A19C9B70-60F6-04F6-6BD2-71E79FD4367A,5
3B470B9B-4276-415D-3B58-A87D925B15DB,5
538BA6BE-852B-41C6-8266-89C1E1326189,5
341556B0-D9C2-D03E-900B-A52089AA5465,5
327C94D2-A212-197B-62DE-02E627E91D52,5
88DF95F8-61C7-88DF-1036-6BB1D971F1B2,5
DE0DDAC7-6F69-5570-5A2E-850494219FEF,5
F7834B43-B0E6-81B4-2EE8-510E0A5DCAFE,5
5EB25942-9ABC-4E83-5E30-60EC68E29B8F,5
36CE41C6-09E0-A4D3-0F54-6D2A8AE4E0BD,5
747E9B59-2908-34A8-0C1E-861B7AF6D1DE,5
4C836919-2573-AACE-0EE8-53BAE9C2BD31,5
03B75FA7-5E17-47FA-BD81-482A5D83E90A,5
F1651F82-C351-B86B-AF68-A5E03E7EE2B4,5
1C29EB2B-1786-5799-E9DE-FC75B572F613,5
DA0A13F4-517B-511E-81B2-B95CCF96DF1B,6
667E427B-F8BB-DAF4-2222-D236B2F3CF92,6
A5F84710-C0E6-CAB9-6A45-F68CAEF4E0D3,6
7FD36940-001E-3F70-E57C-19118CC82405,6
BAF53316-B5CB-0826-CD18-CB5432583CC7,6
009A0B75-FC3D-0EB1-6583-989E126CEF81,6
C7CC1517-46ED-EF15-D174-C8E987F97E3F,6
BB7A8E76-1406-F325-8EF0-328B9E85B96C,6
22B74E6C-52DD-38FA-F6D1-6625B2675B97,6
4939DED9-3D3F-2201-DEFA-862083BA7B98,6
810B3C3A-D2E2-B78D-3FEF-37B6C32B61DD,6
73EB486C-67BD-7E9D-0E33-D9BE6CCFC638,6
08F33A63-2685-FFBD-2F1C-3567BFE49D1B,6
372C750F-DE56-E7C9-5E9F-AAC75A98575F,6
6DE14BF1-3E19-B05E-47DE-BBCD7C6C8D44,6
04EA53A5-2DB8-469F-4F1E-F86160AA02A6,6
5C88019C-5FCF-208F-3994-2D0FB526D07D,6
BE5D5260-A638-A9DD-90A2-531DC61413CC,6
D7113E04-EC66-BA7B-7A03-28C1D326DA34,6
CB926B79-6620-2CF7-43DC-AE427243803D,6
818A8E72-5F3B-E108-5ADC-E80E0DFA4C5A,6
3E5F2120-9E45-470C-9E43-988E86B08EDB,6
2B12E719-26E8-B079-0B15-DE2EDEBC5DC5,6
26FA660B-FD85-0423-DFBD-BFB6024ECF18,6
E12E45BB-CA61-F1D1-9001-106CE0903DE3,6
B45CCD4A-0DA5-7E51-EA09-A4D44CC74883,6
DAE54847-B975-9FC4-B729-1538CF52E342,6
44B3F8D2-1D26-D4EC-37AE-5C61C624B214,6
5C280C56-845E-BFAD-2344-FE6F13A93960,6
7D9AF953-113E-1EDC-970E-55BB9759B724,6
1D393A10-8AEF-4AE8-D214-6542F31708D8,6
D3106BFF-A780-66A3-6896-76A71BFBE846,6
99A9F7C9-8A88-40B9-130F-4ECC14F3F6E5,6
74E5FEF2-A802-6DC6-6CFE-F493B50D7FC8,6
F8B77C27-2E88-33E5-1846-B22065EC299F,6
4040C82C-9C0D-C0AC-9B81-B25944699AEC,6
1D5D3416-45A3-4D2A-9392-42CCB0D96936,6
B7FEF780-763C-A833-F44D-33DE26A3D80F,6
95F7F492-E37A-673A-B036-87183A182418,6
58421B4E-122E-B9A0-193D-A42490AB04E1,6
93E73FF6-5B35-EE86-A8C6-C156917A7557,6
FA64041C-2935-475F-A7CA-750CF8E10A22,6
5F5055E4-1B1F-CC5F-56D2-C291F13494A7,6
6B1F7873-FFFE-1975-838B-9EBBD69ED85D,6
B5FBF094-B48F-6249-11E2-76525ECA9161,6
FBF28495-3A28-13F6-416B-A0234716A14E,6
C50C6C38-14FD-B183-66A8-BE4B65DFC2BE,6
D8A3C5CD-05E5-16D2-1D6B-53F696681B11,6
0DF0B842-EDCC-51EE-2BEF-C78B4B2578B8,6
7F7A841A-4616-A528-D490-20B3FB115036,6
8C3B90A1-8A32-56B7-11C4-E8ED1C9D0ECA,7
2EC70805-DA8B-7BE3-9D48-ABEA7FDFE731,7
45294381-E5EF-2A30-798F-7875CED37B50,7
3BD06D57-9011-D0B6-18D1-CAC308D3511C,7
9632E933-4182-5A66-DC36-7B43B669C0C5,7
98F3AE82-4832-58D7-F27A-910CAAACE99E,7
C8A0D411-D5A9-0D66-92BB-F259DC58C2D6,7
9772C185-7474-7F20-33EC-76ED7248B202,7
177534F9-EFC5-FF52-6202-2FC1D73ABA2B,7
567296EA-01A3-9541-E9C6-85EEE4FD1338,7
485CC72A-5400-5984-D9EC-0CA2E9DFE165,7
DBD17813-211C-376E-4502-2587E8557CD9,7
F20BBE23-2755-DDDB-75D7-C25165B8F9F1,7
C0DFC0B8-A1B5-693B-CBE7-C5E2C1B22A9E,7
B79DA975-4F18-E791-A439-40C14EAA6EE1,7
72E22709-C8E4-D405-99CE-E4FA73F6CE7D,7
E4650B43-C577-DB8A-52A9-F4017105231D,7
324AE28B-ACB5-06C2-64A3-5AC357157C5A,7
70E3B9DF-F110-07D6-0CE2-0DA225668A87,7
80A80125-5B8A-7529-9C61-D7991DE7EE07,7
CBAD6BD1-5D10-6D3B-BCC2-3472E3423D4E,7
82228FAB-D663-2CA0-ED8C-1779133BBCCA,7
044BFE12-ABD2-9251-920E-D532E0045C00,7
FD8C6A36-08A4-DFAC-BD21-E3D5EE8B51B8,7
B0044B19-3856-689C-B2A4-1E4082AD12BB,7
AFEC83CE-7742-F33C-AFBB-30829B9A14A4,7
0F482D89-A5AF-9CB4-84A2-068A300CB507,7
4CC5218A-34FC-B805-57B3-19AB818393AD,7
258DED26-ADDB-989F-D9A9-5904491810F1,7
3844E7C3-57B4-1F12-205B-EE99464060EF,7
87C8E2BF-5765-E964-838A-CF6B23F1C8DF,7
930A3DE3-423D-33DD-9B66-97438B654C9A,7
713277E0-3C5B-7595-8D69-DB2E9BB7721A,7
EF382847-9B29-171C-0949-D9749908F794,7
F84D7C18-E1AC-430D-720E-C41CA2BF0439,7
626C78FE-1C07-8E3F-3D9C-D1DAEBC7C7C5,7
A3FF8628-B8CA-34FC-B5BA-2663A54FA65D,7
EB465E65-A243-7F22-6776-59DBCCD4105D,7
C161C1FC-D75B-9873-91D7-CDAEA3578F04,7
86D54C54-07F2-FC7A-48B4-5F1B8926A7D6,7
F6D72AE4-4878-47F6-8EAF-85375024B588,7
A08109E9-E9ED-C8BF-AFC6-92EA37AF81CF,7
C35A85CE-687F-4711-2E93-1BF88FF08E21,7
383AC559-6C67-09A7-E5B2-A00189C8B607,7
96BFFFF2-82C8-E4C5-2853-096C91FC131E,7
0B172802-D52B-7FA1-F1F8-4F0028F738A3,7
B70225E7-E700-B446-9653-C27647C51063,7
2586AD42-C0AB-63FD-B921-EEA839A6BAC9,7
810BD07C-4E44-6D97-FAA9-536E59586975,7
24A97F79-16B3-465C-4EF6-B3F5D19BFB8C,7
810A2010-1C97-954B-246B-E852EB640320,8
72245C14-E8D8-D68E-A399-70C52B4E8BE3,8
282E3FDA-3760-9C40-7356-599CFD802F74,8
749A8734-48A0-C8AA-9F52-4CE451A06E65,8
AF459DB6-A220-AABD-9EB3-3F142D7A27F2,8
C6721045-8B84-73BA-1E98-F846ED3F316B,8
31D3DF17-5D74-8E56-9622-22A8AB0189BC,8
8010E2C0-BB6F-1088-DC41-F212E3F24E87,8
3BF6B780-3828-5945-B4A0-CDB41F3DCD80,8
D5A9466A-EF86-660A-AEB4-8C395E1F0DA8,8
D6B9D047-BAA6-8303-987F-C6F4185205F9,8
64A8FC5B-105A-BD30-F84E-B295B03E8FF2,8
4863B415-9927-9A86-6706-8B12517B6087,8
7216EECD-289F-B9BB-8AE5-D5B7913D4325,8
41EE3269-EF2C-4DA0-D188-29D583A879FC,8
9184AA35-0ADA-29F1-B26D-0E07243AFB49,8
3A2100D1-001D-B039-1914-F7FFDB2F54EE,8
47B666D9-1C9A-5637-2618-03B56E002642,8
10820A05-7DCC-0A74-55B9-BB0F8FE328EB,8
B2D3B36C-0242-82B4-2F6F-7EA7DC2AEC5C,8
26538CBD-BCD9-981D-DF35-CBEF5308E68C,8
A0B5875F-1623-12DC-9115-E55784AD6741,8
FC1DA727-0EFB-12ED-807C-6AB232381A4B,8
666CA33C-E109-652A-37B3-599967B1944F,8
F7E73D53-0BF1-5023-DF2B-28F9DEC47FD3,9
368BB67E-3497-BCA6-2020-22B6E736772F,9
63FD5B0A-3969-88FE-C2ED-EA3FD6CE9E9D,9
545E9DA0-9942-120E-8217-365F44EFF94C,9
E84FE0C2-C650-4FAC-67C4-84B8EABCBD37,9
D65B3F17-FC2B-3145-94CE-B049BC557BDC,9
92B393D5-5DF9-AD04-D2E2-E6087D20C545,9
5C199942-5CEB-AA17-0EF6-C11C55227FD8,9
DB43B8F1-E0AC-C4DC-1FA7-2526BE0E7C63,9
ED149785-1C4B-F2B3-FB9F-E9DEF75C1B1D,9
7F0B567F-6408-4A26-8AC5-A9A81F089A42,9
F482857C-5A58-8C61-79AE-56FC87E4278A,9
88ABC237-58B8-1423-2ED2-CA6E4DB335D9,9
B826A323-0786-85E4-41CF-EA79397E17A8,9
AFB31788-9A11-2DBB-2246-7B3D68D6A801,9
746E07A3-4985-74F2-5ECA-E9339C3A7AC4,9
AD3596A5-8CBD-B4F0-51E4-D43DD94C017A,9
1F4CE60E-C85D-CB32-AAEA-2F5816A96A6E,9
BCF25896-F4FF-E774-0E11-3D0CD3DB5378,9
04D78B7A-1935-30C3-F30C-C1E8B4F07B81,9
4272CAF2-9FB9-5CA0-2B08-73FF5EA0B2C1,9
36E0C4C9-E764-A4EA-6A8B-EF7185545CF2,9
84CE6E81-11A9-7A5C-994F-B97BA5307D53,9
612486A8-7345-8B56-DA33-5700DFBE1F7F,9
94907ACF-393A-DC2B-D790-5AF07DC7A961,9
73A6F5F3-4D11-E733-8ABE-BD9A116FBA42,9
AB3A3400-2F20-EB52-D8A8-099D5468942B,10
C1F748FE-E4C3-8093-6DD3-5327BC627096,10
E16B26FA-787F-3988-7D78-A3792DA800A4,10
D1555BD2-0844-452E-FA57-08474AD9C9F3,10
A8232110-3BE7-AE0C-D18A-7EE96C79CB1E,10
34D7B15F-4DC2-E22F-BDD4-F49E76304D9A,10
4A24258B-287A-B19A-5E7B-172824899C01,10
65B3D39A-20AC-8B56-E19F-A86969764774,10
F83766EE-4FC3-854D-AA3A-4CC8FFE24CA1,10
84C05B21-1EE6-DE47-E849-2FEEA97B2ECB,10
77F057E8-73DF-0338-4D38-0C516549B817,10
FF9A05EC-7FD6-5136-677C-492A2130CBCE,10
0DE6B2F0-E24B-168E-5A4F-C866D6EBA809,10
D8F2F20A-B71E-2053-39A8-086404914B33,10
6FE34F30-E36E-F245-D957-BEB221336695,10
19A68CEF-EA04-92A2-BEDD-817532CCA847,10
E02829AB-A098-0613-D6BF-4F110F6A2385,10
9A546F32-1C6D-FFA9-9FBC-0D87E9A9BF9D,10
0AEDD404-C15C-0087-4A16-9C8F8B4106A9,10
11D74B5E-56C9-F1EF-D1FC-D8DFDBBF39E4,10
681F76A0-D8FA-DB9A-9286-4B7E8105583D,10
80044829-E978-CFD6-99F5-E375F8EA2FA2,10
4D297FDC-A18D-C120-ACE7-0D8CD8C73AC1,10
16B83E67-5826-C2E0-008C-8AFA3220D5AE,10
0132C716-6E26-D2BF-8527-519EB6A87DC9,10
2C3F47BE-178D-0B98-9510-5F894AC5798B,11
FBE50A18-C66C-A9DE-C5EA-7E3613E3747F,11
BB9E0D67-D877-B707-F235-F6A55FD5AC31,11
88E74BB5-CBDD-3156-7C71-9B3A6C6BA75B,11
6722207E-A35A-F2CF-220C-72CF2CDE843C,11
395E77EC-7ED2-32A9-999A-795830B05E34,11
8D172D57-766A-B4DD-AB9F-81C2D7657C32,11
89E7773B-476C-9390-247E-7E4A2CE61FC8,11
E36F6516-FE1C-94DE-CA6D-952953F86037,11
1B616DD3-5DB5-A371-717E-981A505A5655,11
F1B2B6D7-3AA9-9DA2-5DE8-423A4AC9B449,11
FBFC949B-5077-5D93-ADAE-891998559451,11
609E6C48-C645-9B15-089F-19BAD7366023,11
8D2347CA-E4EF-2E36-D44D-DE35EA6750C7,11
2996975A-F906-61BC-64AA-BADCC06455C0,11
053B0045-15D8-B942-56DD-E54E6FEFFBD6,11
067697ED-DCB9-BFB0-165F-5FD00BA2ACD7,11
47469C8F-C705-A67C-6D87-BEF5B0686475,11
69A753D6-B81F-A453-1379-C1B4B195B541,11
3D134139-25F3-BFC1-A8D1-EE00BCD31568,11
7B98618C-0983-70E8-C764-49A7E74783D5,11
D1254752-63D2-3E22-006B-FD4C5D301694,11
17F3C8EC-EB84-CBCA-6C17-8E0110081ECA,11
E25D3A11-DFB1-768D-8EE9-E9F380E758BF,11
755ED12F-D66D-D577-335E-ECCA0BCB1952,11
3E08C4C0-C61A-AEDE-2796-BCDB03E42DD2,11
0446850B-D735-A33B-6894-231E6ED62469,11
65ACB2A6-0569-AF88-E088-11C543F8BA77,11
D02F51F6-81FA-F42C-57F9-03B4C0DA0C14,12
1366E406-A285-6DB7-CF1C-35FB9772CE14,12
AF5C4B6B-CC61-C7AF-7020-FF7C7F204EA8,12
8F320E3A-13CD-2709-A185-8FD352CBEE6E,12
F392FFE0-9C39-9588-4B75-D97FD5D8C96A,12
664E3CF6-AD3A-B5BF-47EE-4F58DFB48409,12
7D9815B7-3768-76F7-79E0-2FBAAB02D9D3,12
8DFC3477-1420-7330-0B47-C67ED5BE5921,12
62F8ADD5-B14C-3A1E-A24E-D13C11E11FDE,12
CD6124EC-5B89-A935-9E0B-7D60026F85C8,12
B107931F-7A8A-9203-88A2-8E4351247D6A,12
19904E14-9572-C270-826F-D2A4538BECA2,12
04184234-308F-07A0-6CEF-97DB7DBBD7F1,12
81D74271-5F8F-35C2-718F-A82D74935CC3,12
B3841996-8D28-C97A-5CF9-135656089A33,12
6C43F4CA-3AA3-F6A8-04DC-996525555108,12
80813136-1D09-9477-9DCD-0CE16D9AD7AF,12
67A0C1C6-D3CA-0A04-14E8-272566FDFD80,13
038B1502-6186-1325-0729-E6FAE25AAEB2,13
1EECE266-3A3A-026B-B3D4-E2D1993ED5DD,13
ADFC8A01-0622-F4BD-9EA4-1D3E5A71A236,13
4668F3EF-6B49-AAFF-02B2-B2ABDBBD700B,13
FBA143D3-A663-65EF-D1F9-85B3F6952E35,13
C2F74379-3D0A-731B-0227-431DAD28F313,13
E0581537-D630-A650-168A-38BBED6F359E,13
0F77064B-E19A-3585-5BFB-4EA3A6557E08,13
F3CA63D4-B311-9BD2-FBCA-1FC3F5B32E13,13
9C25BAA1-BD0C-3DD3-5D2C-66B7F8BAAEBB,13
118A97A6-1F28-FD1F-FB81-B0AA084CDF1D,13
F7BC6C61-A12F-C5B2-5E72-736EEA651D35,13
207329FE-6742-682F-4998-CC43EF252610,13
A8183C5B-5586-0E50-3468-571774AA3DDF,13
49B40355-F2B7-9F2D-604D-960756ED1711,13
20B55BBD-DDD8-2F3D-09D1-121379B690CC,13
38EA7BA5-DDEE-27F0-976B-6466D5C5C7F1,13
7C2B6661-907E-F389-342B-063ACB84CC92,13
1E1F11CC-3995-C70F-72FA-02A246A0CF74,13
2B5EB865-EF36-085C-2417-557DBFE1843D,13
8018D17A-A92D-42F0-7936-62022C46DFC7,13
DC936F21-BA5F-58F9-6F0B-3ADBD036A935,13
E09C2452-2ADC-11B6-4EF9-0E5D9EEB82C6,14
C8F00CE8-4ED9-8836-0A27-2B9071897C4D,14
45E8478C-73F8-2A7C-E449-2380A02EC0A9,14
3B58EE8E-ABB5-6F1C-7F17-D197BF86752C,14
6432BD19-CD3B-115C-261D-13BB8FB0A978,14
2F2A4ABA-7388-C395-628D-3D3171D4C297,14
C007D9C7-3E62-B24D-4FF3-E2D3E4EBB4C9,14
FDEE0A69-7B85-BAFF-6D73-1D04F585DE50,14
C3587AC0-7EBF-6764-1BDE-90A7FEF9039C,14
1AF2A182-9ECE-2793-97A3-A912AE263A73,14
3483F6CF-2C28-3D0B-3DFE-154999563E65,14
0406F933-3B0F-3539-EF9F-FAF2D1D19C5E,14
50307CC3-A2E2-162B-1692-935BB3A96C28,14
29891FC5-EAF9-7FC7-A46F-3BFC9CEE1632,14
72A661D6-53C8-A8B8-DEA3-FB14A6236CD7,14
53B4FDE8-4822-EE0D-0FCB-5BDD77FA221D,14
4DBB64D3-0F49-84A8-7B42-8DF7CB4473B1,14
48E375E7-A7B5-5AA9-138C-D702B0AC03BF,14
60B3DD9D-A226-C424-053D-F84432EF7529,14
CB964BE0-E70C-E946-91DD-CEDAB752D7FF,14
F35FA38C-8DBE-8526-D328-410E6FE5635C,14
79AA2517-28A4-5905-DE23-ACC7207079CB,14
AA71ADBE-B41B-7C47-A597-8E8500DACB2D,14
05DF007B-168B-47E1-40D7-941AB49D9025,14
6499091C-31AD-7937-49A0-904A8B2C38B1,14
4218A4C4-32D9-15C0-825D-5E5FE690073B,14
3895B276-7405-C0FA-7C06-0B17C19D619B,14
71391BF6-C481-4143-08F6-CF8D936E0D1C,15
D7F6DD6F-B8C5-85F0-0229-EF72C0161005,15
658F04ED-1369-8B10-CFAB-5DB6BA4F6D36,15
AB0C45C4-3483-224A-7B00-18252E4F38AD,15
9D56C63B-A297-7FB0-05DA-753488CC378F,15
BA10E912-545B-20FB-F766-BB66A9EF55F1,15
215B6743-BE71-E693-5A0B-10D227B36E10,15
5465CB5F-4784-C832-CDA2-A1227B006B12,15
0392F6F5-B77F-EDFC-E5A7-9BDBAA9F5B96,15
A05F1AC6-5012-13DA-0F7A-EF2F29D62D90,15
B52C1639-F6AE-B5C7-9F97-1F761E014C88,15
248ABEB3-B135-5C9C-7AB6-AED69D27A470,15
845483B3-2D0B-B0D0-E9C8-8F14F81B48CD,15
C6D9B7BF-DAA3-D444-4C50-F93AFD2B2A8D,15
9DD29901-4989-B380-E558-FD6794C34BEB,15
7A0A5737-8DC1-C71B-2D90-63F24602BB9D,15
B9A6A279-E290-30A9-4994-5C57E2751867,15
CE74F888-7011-7574-AD73-236B8D398318,15
8549F9A3-31C8-9486-F839-2FA75A9D4178,15
5C90A07A-1730-C409-D06E-0B8D76ADB108,15
442B4F1F-6CE6-DDDE-B376-8615A22F849B,16
C9ACE232-AE5C-AB7E-45D2-B3A6DFF8A9C9,16
82A5BDC0-05C3-0A04-0807-AE70FB21B13B,16
491CC543-F914-2D36-ADD1-18DBEFBEA0CF,16
6CF76ED3-1EAA-F55E-61F5-8849E968CFE2,16
DF670ACF-E852-606D-9D11-22B264708C26,16
22F61DFA-A617-3010-0456-3962C7BE47D6,16
E4B3E5F6-DD73-925A-F26D-58F93E5A7B30,16
FE023822-5612-6D1B-2117-2DA0ED95379D,16
A36D023D-538F-32C4-074E-0C52D1C47B09,16
4B49DBA8-F23C-9B42-B03F-97965B472FFA,16
C2FE53A1-200B-5637-A70C-2C64FD909578,16
5F8D6904-E657-321E-93EE-8D65FD3AAFA7,16
AB8763C4-DD69-4C37-F8E3-E1F6DC2D697E,16
A1D136C5-8164-8BC6-AC5C-B66FED9E6BC7,16
207F5463-ABE0-AAFE-499D-606E1C3981FF,16
6693224D-9A99-D94E-AC58-E2EF9FC3CC50,17
D7292B7B-C802-88B9-A04A-22B2EE7DEBB3,17
CDC9FA0F-E371-CA67-6BC3-6503FC5DAAD3,17
6FC1CCE8-3AF6-1489-2C7C-C73DC9E81B05,17
EC55F7B9-E15C-4C65-9D63-F02519A041A5,17
B1D79F74-BF9C-19BA-4F43-2A275B4EF7EB,17
3244801A-BC8D-6B48-5DA4-7EE1DD5B1361,17
B40DD0EA-5499-B9B9-3E73-F0B9D781F6AB,17
DDC5457B-15E4-9AD8-20E5-489FC368DD02,17
7DDBA5D8-98EE-A4C0-5396-980A7B1F1947,17
369FA9A1-8D29-74DB-7D24-F3521F296BFD,17
37CFD82E-C583-D43D-2DD5-34C030CC52A3,17
F8605B92-05E6-5072-5B01-1196401CFABF,17
7848B87B-6417-3729-7BE7-628E70BF3C38,17
B64EB4FF-759D-6FD3-3EFC-4821F43A26DD,17
672E86F4-4C61-3A34-A43A-98E9C42FD7F8,17
6DDE1485-28EB-A5E2-9CE0-33AC0A8F5777,17
58C1BD7E-E6E2-D55C-BAA1-9FEB54B4AF5C,17
84E73BC1-1148-092D-6036-456760ED5AF8,17
F9DAF031-6925-EF54-576F-5A5E01847F61,17
2A96E2D5-AB9F-0217-A181-2657BE1C0435,17
F3997E99-A4EB-472C-62E0-298079033CA8,18
652FBF7F-86C1-DC2C-8D38-6461D8752145,18
6F10498E-03A8-FE97-A726-6A82F84A7F3C,18
EABA0A50-7CBC-A7EB-FB4C-C88C5A64BA69,18
77F871F0-C692-3659-AD3E-58796DA8367C,18
E8503A35-E21B-C074-4D07-3A7930E9C096,18
35BDE363-5844-2000-0142-E88DED14422A,18
41DAE504-07D1-D7B0-2F2A-599DE5FAC607,18
86E6701E-C4BB-999D-9BDE-76C59D91FB01,18
AE58ABAF-9D62-9902-3873-A1EF91A46EE3,18
7A7E2C95-4A1F-E7A2-DF8B-EFFFAA4EBB0E,18
3621E34E-2469-D478-424D-A608DC62E685,18
65DD757A-9F86-68E4-7FAF-63CC75833A86,18
F12C7775-CF90-FA06-208E-CD7D6A03B5D0,18
981129FD-5A88-1910-164A-D92F82178129,19
1694C3FC-04AE-21E7-3BE4-3ECF74E7106B,19
98F1648A-0C26-D430-3528-0884E46A2D54,19
5A1A7A82-88D6-981B-1B68-07381545961A,19
3FC65B08-ABCB-15E1-2AD9-92A9A128F450,19
5886DCDE-5014-6084-AA58-9696F8F65032,19
BAE0C9E8-BDA6-8681-C97C-A7ADD25FB550,19
79D7C207-CE11-E30B-77E1-AEED51EAB5F9,19
7A504E60-C796-0E44-02ED-C3DC91802AB4,19
37897C64-0B5C-19AD-3904-DCC19C588D0D,19
35377144-B2E6-E492-A0FA-10B310D2D27B,19
2FCB0C38-454B-3381-FE2C-02C352083AF6,19
6699303C-3A80-90C1-01C2-4D0C40AE429A,19
63B1AB63-BBDE-5289-729E-719A0DDF56D6,19
CEEA635D-480D-D8AE-30DE-3826A92DD43A,19
8930BAE7-FB78-75A6-4798-08A30B91CCA8,19
404A9861-ADEE-0994-FE22-A6C61EAE3B3B,19
699240F8-69FB-96DF-AFC8-2D7646DB7DE5,19
7FDFDFA6-A2E2-2D98-BA03-52497AEBC177,19
388C4E2F-5893-8CEC-9179-F99F93AFA098,19
7A0F3AF8-4534-A7D0-4C64-C63BF0F20A35,19
BC611B6C-09BB-8876-A247-20B64A421488,20
F8B18B83-B87E-1FA0-7CF4-7D4D6C05AC28,20
E737DCA6-5318-D93F-E57C-7A7E7ED12420,20
C01746A7-B465-BB06-6AFD-FC821CA8C5FC,20
CC9D1417-BA43-AF66-3CEA-F599977E7675,20
42EAF142-8973-B39D-8ACC-7D52FD2CAD48,20
A88E3039-9A69-4F56-A483-5BF90CC47244,20
5EF401D0-798C-19DF-15D0-1A9428C0145B,20
C803A381-6317-60B6-A12A-3A74E3EABA0E,20
6A074408-5474-278C-41FD-B61ADF341D2D,20
243D47FA-3642-DC9E-D1C4-9FF724FA29CB,20
0E0E3AE6-191F-9E25-A340-256271C3E825,20
B8339248-7DE2-A19F-16B6-3EAD5AA93640,20
FF2F1234-E4F7-351E-77DA-5DFECC955C40,20
9F9E623A-57C0-6F63-B520-ABA0E39422A1,20
93870F9E-5FC3-E3B9-76D9-15921C4BA0AC,20
239B873A-1345-E9BE-95D9-51F8F5EAF75B,21
972F7ACF-2977-1C2F-DB24-C03B495C90B9,21
503AA6CC-1F9D-7D49-F617-24BDDA1BB6DE,21
BE55C884-52B2-91E0-D336-E6D5584A3D5F,21
38D71B7F-0D3C-8C3E-5EC3-0F232749D0E8,21
380490CB-3AA5-DA1A-E6B2-2ECD761BF3BE,21
E3D5BE32-5AA7-FF76-95C9-A81886F378C1,21
96BB967A-64F9-C2C5-0D7F-EEFE036A8132,21
49A4CA28-7749-B1FC-93FC-49B429355348,21
B808F8B5-4EBE-6596-FC5A-617D1D1CF62E,21
36643FEC-8876-F911-63A8-21C5EE38FCB3,21
5B63E31B-DC89-7135-0B07-A60DA1D96966,21
8CEA72A7-C388-95F7-C85D-A8A234FEB8E8,21
3531D080-DE33-FEB3-06FB-44D7B6BA6642,21
7BB72DC4-7761-49DC-4911-1CFA74EF652E,21
23B6CCAB-7544-3105-D60C-06AE9B149AC9,21
0AF656D0-2ECD-C9DD-80D4-0D50F3F6D6F3,21
161B3FD6-F48C-A66B-97EF-C3FDF24A4017,21
AD152B50-3ED2-CD5D-9B57-1D4BEBC166C5,21
CD8FB396-B3DC-9600-8C95-6DF77513ACBA,21
3B0EAE7E-E05C-2DC3-D48F-1DC493EF9092,21
908CB143-4BB0-B1F5-34F0-1681366C1618,21
0328D3DB-7D1F-4722-B705-08403FA64E2D,21
903DDC6D-36D5-9632-97D8-03A103A90B23,21
6ABA801F-72F1-7116-EAEC-30514CEA1E90,21
EFDE05E8-B495-66AD-2F35-92FE20BBED91,22
92E15573-8DB6-FCF9-94E9-5397FDA02CFC,22
29BA8E6E-1E55-4600-FBEE-F024FBDCA567,22
BD4CA34D-E565-7D87-5F7D-C82D7DA9CD05,22
F58D0695-9F45-9731-D7EA-84BC6CFB0B9F,22
1C8551E2-D35C-9F0A-5863-EBB69DAA8730,22
03BCF08C-7D2D-780E-F44F-001064FB48E4,22
7564F779-BEC8-DB1B-67A8-DCF6C7DCFE25,22
218470D3-422D-5BD0-5CDD-C15F4DADC134,22
9C719F79-2529-D64C-2E84-565625798E7B,22
1AC8CBC9-7F63-BFB6-577A-54BCBD62E670,22
BAB7D64D-DE5B-5E53-D3F2-A9DDD6C98DC6,22
C8247B55-5FD6-7E0A-BE9A-5848B92DEBDD,22
D8E0F9D2-8D2E-51EA-0A58-14AAC27D2865,22
81B42F87-9A2C-4BBB-E590-8B769AF118E6,22
CF6FDF54-40B2-553B-50C3-13E72927CAA6,22
F8B2E1AA-09F4-35A9-0E54-1400AC582B67,22
5DB18025-9446-7018-90D9-8583C8FFF822,22
402BE179-8557-BBA5-BD73-E3B66DF9C7A9,22
40ED0805-A258-59E8-E32A-4BA251825B80,22
5928DA8E-CA91-6115-0C85-E7FBF3A41425,22
1245E8FF-0B06-47C2-9A6E-4FEDB7CC3292,22
C3CCF6CC-2909-F5A1-7254-FF5B5A310752,22
35BE786C-F05C-677D-F57C-2F38AE068530,23
544EAC7F-6BEA-3342-EA43-ECDAD691DBE5,23
1E9ADCAD-2A07-AC54-76EF-5A91215C5704,23
8A52BAB1-77F0-5503-C470-0BC4CD1AB6CC,23
9556B903-B40D-2872-F241-FB3C3DE0B449,23
714D1882-F751-9717-F619-7F1A8BA15817,23
0847E6E4-7399-2D27-1BFB-C901686739F7,23
4B96E409-39AC-0974-7846-C5F0193B25C9,23
2045B05A-BCA7-7A08-E15A-AD514D06F82C,23
D8214274-4882-2AB2-51B2-0647346E2631,23
5234B585-BAB0-5DC3-1C37-5640EBD131EC,23
32F2D968-09DB-A305-4E60-87F5A74B00CE,23
C54F0F37-5142-CBD0-4982-DB9232965405,23
DD8BCE31-0B59-1EA2-B7EF-E5EC0B03BCFF,23
411184E1-9E73-D8BC-ECB4-88536CD78399,23
3FC966EF-5797-0610-86D4-1D4722E85CDE,23
114175C8-4489-A777-1A3A-77B01541F626,23
5D28DCDF-7ECD-6D1D-0536-9FF6D023C964,23
D9BD395B-AAFF-EBC8-DE31-66E982EF34FE,24
56DED48A-4542-2551-74C6-23880348C571,24
F7126CB3-80DC-4ECC-05F6-6FE5B37F2746,24
8D6968DF-DC1F-BA08-002D-00BE193319EE,24
738751F3-663D-414D-52CD-E54CC79B3F51,24
C65E5ABE-D0F6-C19D-8726-DF1092EC6B62,24
EA947079-7763-23B7-79BD-D20362E62DC9,24
63538A8E-B009-24FF-1D96-40A55CC0CBD8,24
EAD27293-8110-5C75-4054-500941F0AA64,24
E596A77D-3E20-BF85-E763-A7B066C9586C,24
14911314-812C-7ED4-E35B-A7CC58968A6C,24
202E7627-B5A9-3BC9-2FD4-079C9632ABC5,24
0FDC5752-7668-A696-5967-1A8894261D51,24
E6020042-DFB4-8DF3-6B1F-9051297C23E7,24
C54EF2FE-010F-B7BA-E115-CF2290B119B6,24
0D87CC5E-F11C-CC91-7C79-427F82B0D17F,24
D2DD5DF8-BBA4-A328-7C6A-13D278E37A52,24
96C597F4-6C26-7D46-2AF2-B1904AF747E4,25
FF66F617-B3D0-603D-B21E-1E0B9998993A,25
869F8788-15F6-5EE1-2171-B5E8FC17B65A,25
E6DD6070-A5E0-C97E-9B7D-B753BD6AC136,25
EF1C11C3-62A1-F919-B738-98C3F49A934E,25
EE0A3172-59E3-25B9-D9D5-3C0955428E0B,25
B8DAF6A6-E155-F883-4C74-40A5308445B8,25
5981CDC5-0157-498A-9FA3-BEB07894F694,25
FE9A2EFF-4A0D-6F9A-97CE-B85430FB2E43,25
48C5DE90-6621-7D6C-F848-3655A24D44A4,25
DE1C8A24-D91D-9F29-EF4F-DD9B13317E30,25
F3CD5E0C-7A9A-903E-E09F-7FAC8D43947D,25
3BFB2C5E-C3A1-BEAF-2597-F53B2A27C320,25
5AC1B76B-FF4D-F348-E5E4-DF107337CBE4,25
DF6E9A60-C18A-F446-5DC9-D39A9E626B68,25
E2CD7DA6-4B7A-22D0-C4F8-2BE36EEB9D4C,25
CE8EF221-97E3-F8B2-3F47-255827B86EC2,25
2E3437E8-BC81-2A50-6C54-7AFB9EDB99DF,25
6EFA8542-3859-7E3E-D1F7-8D8690A4BECF,25
B0335CEF-B68A-4F06-76C6-A72C5D77BF0D,25
E05157B4-2051-FABB-1AA8-CD98493ABD0D,25
438AD6C7-D3EE-21D4-D9AE-06D203F130B6,25
A91EC709-7B1D-557F-4251-F22C699720A4,25
9BB332F3-1820-2DDA-DD23-7E69C8E6A526,25
653A3FFF-721C-6700-0A0C-C6EDC10D9E14,25
0CB6A415-C143-D8AC-C5EF-4A3C650AE74A,26
497069A2-A45D-51C7-3875-9618F4E7ECE9,26
39FB1770-80E2-95EC-21A2-178582752198,26
A15E3884-C026-851C-4970-9F8E0F26F1D1,26
01E6FDD0-EB0C-6A47-7118-1D953541AD44,26
89E3E5DA-DCDB-482A-0067-55F17DA7D4F4,26
11E052F9-4708-D7DE-9569-9AE32B99BC21,26
53D3965B-C3AC-8FC3-367F-286192F3E5BF,26
5CBF55CF-8C6E-6A6D-D563-A0D6777FCE83,26
57DCF604-BD79-06B9-0D31-9546CE6D53F2,26
5BD3788B-151E-1DEA-FB61-909130B62763,26
D45FF426-26B5-12DC-3611-6E52CB01BBFB,26
1B810C69-2D61-9063-B220-87364A1EDD36,26
C092D0FD-5F72-FDA8-E3D6-1F7AF08603A3,26
68E91580-8DA2-F74B-A5BC-BB9B57678CF8,26
69F63A72-003D-C804-631B-731B92E0A85A,26
640A4296-F0E8-94AA-E046-3FDBFD429F6F,26
69A329BB-5171-F69E-E5CA-8A401E78DFE1,26
0078DE09-EB12-B328-B0FA-BAA0235ABECC,26
71472EB1-3256-7201-9C47-A95A58DF8BAD,26
1EC8B8DC-DBDA-D7FD-BF2E-EAC6514AE2A0,26
48353E55-4B38-AAFD-7108-5E5C3492692E,26
7D3940F5-2869-95AC-B3CE-E86ADCE120E8,26
67A94A93-5D5D-0FF2-2994-40A94C4AAC77,27
8925E3B8-7BF6-72A0-D229-D1914B05F6EE,27
72B97FC4-FCC3-6A8C-8F8E-2C7A1830474C,27
F28F892F-CA69-FB86-99AE-93563A1BF6D1,27
7D3E618D-BBC9-EA5F-FA4E-108DBA4F64DA,27
54BB8622-498D-9CF9-0FAC-1143FB2D08DA,27
64CB5C18-C8CC-1CA6-3B48-CC109026A0BB,27
2CA49758-37BB-EDAD-EC95-2631CE848A7F,27
78E3715E-B80C-6440-DF08-8C5DF70485A4,27
FE1E115B-323B-0D11-4497-26710870D1D9,27
263257E0-667A-8D1D-107A-5FE9C06D5665,27
CFCCB12D-98E8-8681-2543-3AF44606342E,27
DA459B76-A22C-3AEF-0865-F76EC2506F7A,27
3EFD736B-94AE-1F87-7204-A697DF3FFDA1,27
73249066-6FBB-E064-F212-DE763F347C78,27
60A1E3A5-4E4C-50DB-B898-47B16A3F7BCE,27
8DF457DC-4161-EA66-2EE5-922734DE216C,27
E97CF4D6-939C-A5E8-6A66-DDAD17A81CE5,27
871996B9-4106-CE3F-AB8F-BAD7809B6FB8,27
BFBE5878-6C4F-4AE7-43C5-6EB6F9C6B294,27
EDCB3527-8D08-9B7C-5DC8-F056457212D4,27
9FDA884B-75D1-31D8-6500-2A439DDE2AA1,28
52584FEC-38FD-E914-23F3-2392B16F2BA5,28
4182D6AE-0076-ABDE-0F9F-04A9EDF60FE2,28
1FC7284B-E71A-6079-BB62-DA573AAE2524,28
EB68642A-604D-86CA-D737-4D57EA0CE057,28
3FB68B1E-274C-1D77-419A-9F88ED568322,28
3B6DD571-FC89-13A5-4403-61F7AADAB622,28
DAE3B6A1-784F-DC6D-13AB-E65FBB79C4C1,28
1F1B27F7-B1A8-3B42-B908-386A463B3122,28
8F414D3C-F32A-5C1B-33D3-9EE05BE939FF,28
B4BAB997-9618-6786-ADAA-37633403E345,28
BABDCCE1-6209-D0E1-7381-A4010E0903EA,28
F212E604-C980-90CB-3A43-7258493F5014,28
7CC3E04F-B2B7-82D5-DA46-10B4D961CBB7,28
38D92427-9D36-7262-FA3A-6AAF2B8A3B14,29
BA203A9B-B83D-C71E-BDF6-ED2C7C28CDFA,29
37D36370-DA62-704E-AE6D-245493E28C9E,29
F5701227-D73D-EA58-8D34-97E4E1161FCC,29
B00B1F1E-521B-377A-B7C9-0AAEADD43F9D,29
D31AFBC2-818F-2F8D-4AB6-2E4B55C77A56,29
53458741-295B-798F-AB37-072D0845DC1E,29
F2FE5AEE-D877-A8A5-C9B3-718A2C4D3CBC,29
7D2E56EB-D31E-5539-F781-3B7491293CDC,29
3B6E484D-A0AE-453F-369D-C1496E3421B1,29
8084B5B4-6F89-921B-357C-5EB89B2C0414,29
49766D41-D4D2-B9A4-2F6C-D5259269047A,29
D326C70D-0F5F-3433-045F-5E4714E34F75,29
3FF15497-2C39-5AC4-201F-DF1CF7EA5E3C,29
41E9ABD8-9F6D-4809-39BF-FB0825348161,29
8EA61F5A-E689-CCFF-894C-81779B94B628,30
D8671CC7-537F-2B4E-A132-03B3A8CC43B7,30
D8139D8C-C84F-0784-53C7-249224088F52,30
FBA0CA08-9DAF-CC99-AD67-D42A13D1A40E,30
089EEA89-5E41-867B-5967-05B516D3F408,30
C109F9E2-2941-2365-D0D3-B6BAA36C6FDB,30
1A423887-9784-3C69-2063-426F6E765FA7,30
D81DCC3A-A286-8A0A-ABD5-73042FF4922B,30
2CB2FFEE-89E1-64C4-3959-D570B79B0C8F,30
493EC6FA-FA01-2A83-9F48-0B01E17687BA,30
60D41AEE-BF76-433F-325E-812D14F0251E,30
21CBF507-299B-3907-4359-B18FC9FFA6AE,30
5A5DD13F-90FB-140B-85B7-27CC1F25433B,30
2F2E5D84-5DDB-2572-477F-8129DB35C0CA,30
E7DB8F90-1EA5-B19B-3B87-AF27CB801DDD,30
996FD323-6D1D-0FEA-34A6-69B10BA2E83D,30
981F5A2B-80C1-7C4E-FB4D-DA897965A838,30
827E4AA3-8C86-FBC5-DF82-DF6CE83571ED,30
75785F63-5681-9923-DD25-61B7FCCA251C,30
9516FAF6-CC2D-7E63-8643-2FC106420FC4,30
43DDF9CC-B387-EBB6-A989-E75E08DD4489,30
73FA24A2-AE02-E66D-0AE2-ECF2B447B20B,31
A2838CD6-5CC5-ED76-04C5-237AE1C58850,31
251E2498-683B-C7EA-9E55-7C00A01C9124,31
0B19F86C-860D-0083-2275-3749A2D25B3B,31
D74AEB48-19EF-E67F-D5DA-AA10EB279E37,31
93D0E86A-DBEA-40E2-97EB-9B4E363CABCE,31
2AA7E056-26AE-EF22-1156-EFFFAD5472DF,31
A3CCB606-0753-5446-D17B-5EEEF6911E26,31
E6F0ECD3-75D1-A029-6451-C594A546E13B,31
F4C6CFF2-152B-BEE4-2A89-BC1AC2193FF7,31
F59E237D-4C73-7EA5-1DCD-9EAFF193A2BE,31
38DE4092-CADE-34EC-E6A5-7A73EA59F5CC,31
80CD4020-9F86-83D4-C785-AA423F42F47E,31
767F2E13-0DB6-836E-D74A-2C80E9D0C2BC,31
27F24D7C-D1C1-E15A-05E1-4861D4F40FF5,31
D45CE455-5D92-06EA-F7B5-7579CC050D42,31
514368D4-AB5C-D8E2-5C9D-A24C0C4D14B3,31
BCB8D0EA-735A-5224-ACF2-91DEEFAC445B,31
9609B1EF-D9E5-DE01-D761-05462586E64F,31
133C157F-23C4-9364-C5D8-7D03B8F53C20,31
7636ED72-9490-61D7-8FB1-FCB8BAF3C9CF,31
5BB2EB35-60B7-8F94-1C1B-4BA901D7C3FE,31
1FD02F26-452B-B714-E6DB-1CA5768FEAE1,32
CFC5D520-C907-3E44-3522-3EE1A8165C9F,32
1DA5AF7D-7A22-240A-0D61-BC2BC1BB8819,32
4096AC0A-F298-BDB5-4562-07DABDF1B489,32
5684D5FE-8E24-943E-D799-F1EB05196CA0,32
77EDF122-1C55-C749-BA07-E72E7DB19A5C,32
D574F36B-3DFB-2827-56B3-3B880AF95AEE,32
22A2F9CF-A932-3453-DFD1-3BFEF3BE1326,32
2FCBD9DF-7026-6843-F1AB-C4C33DC7F64B,32
BDEB2CC6-91E7-7E92-BB2B-2818D84DFBF2,32
E1A8505C-652E-BD70-0A3B-34933156F24A,32
0F780855-6EB7-D765-AFA7-8EA728403CB8,32
D8E53CE2-C7B1-9843-EDF4-2AAAB2183CAB,32
AA1F5CFA-311A-D9D7-2AC3-A4D5F394FD3C,32
917DAAF7-4906-028B-D451-6A69DF172CAF,32
673BBB1B-2CE7-0C60-B37B-E88BF3D3C691,32
5BE5587B-99AF-2FB6-C562-F25CB04ADE28,32
E0AC3600-7310-6265-CEFA-FF558D0BD1E6,32
080FBD2C-B6BD-3501-99E1-694A976BE232,32
0020026E-9D02-4BA6-D526-8E2AF8CF497B,32
9AFE1A89-50F3-0C25-5C92-13EADAA50664,32
879632FF-8BDD-1E30-6DC3-B87EA9B7CA44,32
D7558EFD-D8B1-046D-7F34-19E5AF189FC9,32
193FE09D-B2E2-68A7-D79B-CA1F6E50B187,32
896887FC-BF07-2E4F-E6E9-7F73C4698B9C,33
C6A8BCB9-843B-2BA1-03F1-A3651E77A295,33
F6C03AD7-8635-56A6-4D7C-3FFC4761EBE8,33
96E46037-D9C5-701C-34B7-09A29EF0449D,33
F20DDB5D-1AA4-09E3-DC36-9C0EC4092B9A,33
6B952C5B-617E-84B9-5CD6-06F2CDC49B4C,33
843629AB-616A-F6B6-3ADD-21F0B2CB7B3C,33
A9FF8A0E-EC7E-EF91-B413-15B2F472690E,33
4D560775-8B31-62E6-3A96-939323C9C06C,33
1567B6D7-CC13-373D-D8E8-05794F679B30,33
19F8BC50-ECF1-9608-06AF-09BF65E5C0B4,33
AEC15B43-19F9-C683-BAAD-292D844E2CF8,33
B839BA4D-065A-B0D7-0DF6-B6AC45610932,33
02965F27-B5CA-1FAC-6AE1-996A7384889F,33
0AD7B8F0-F33A-CD53-4FEF-D6EBFE8B959C,33
E4E75720-E89D-C3AF-AC3B-9FFD77FA4C66,33
7BB10C7E-DD4B-9662-2C38-1248D6ED78B6,33
190B2296-ED9A-6EF4-5AD2-12E8C2D00C61,33
0F2C66DE-6718-3B2A-8D3B-74AD8F6769DC,34
850926FC-E70F-2DD7-B3D6-977838DA5B31,34
CFFAA1A5-8010-579E-CBB0-62618FAB12DA,34
EF1142D8-02D2-644A-3A07-262B4E752AC3,34
9A385ECD-68CC-CF9C-6CD9-DDE27E0886FF,34
A7832A4F-7145-1D2C-7180-D86BC098D29C,34
F9CA7740-C0FD-AA02-1E85-A25D7E29B687,34
4929220E-F8C2-C959-B3F6-DA5B6DC7AD7D,34
2BE00BA5-3F8A-0B6F-CAD5-BBD5F92787A5,34
019EA5F0-F730-86B2-7526-CFCF2B7E621C,34
4BE9E17C-0BBA-84AB-3D70-B07AAD38FFFC,34
50EA3A9B-6ED1-E115-92E5-B669D10EFF31,34
A21DD2C8-FD1A-699F-DD8E-5E788ADB3A0A,34
C791919F-1652-0329-931E-D24EB354EA98,34
F9E07628-92FB-99E0-0987-DFDCD84CAD70,35
E00D3BC2-BAF3-D76F-8383-47ED2580FD34,35
D0CB03F0-84E2-FA22-7F83-424D63262F1F,35
E23FA0DC-D63B-59BF-9185-291F6697FE6E,35
31FC570F-D1AC-E35F-0833-4A564D812E97,35
746D6BF6-7806-744D-E5EF-34C4A2F45CCE,35
C2252A02-7984-6EC5-6B82-FB9A4EE27BEE,35
0D666802-651D-9584-AD2D-8C8761E974C9,35
1240E170-F5E6-E87B-4094-DB370EE1E361,35
C9739748-7B38-3A08-D807-54D4F651D4DA,35
866D5706-11A8-17EE-0767-3E7378D32EBE,35
AF4C3011-6597-B9C3-22DC-6F873F819196,35
D718351B-4846-33DB-AB2E-25E4D6AB31A4,35
A022E500-929B-6C0C-6D29-7A06F85C6B98,35
428CD274-C69B-598E-FDC1-C1702C255889,36
3A0AE5C4-F2B0-F978-241A-5D735A31B1D2,36
1B298690-31C4-156C-E4C8-8A02B6A7E440,36
6B2ED58B-B14E-8791-D880-89EF27B37488,36
83925C13-A4F5-634C-1119-C723660A2EA4,36
F23798DD-561F-A452-0C9F-F046B0E9A13C,36
9DD93B46-9FBD-F264-08CC-4BF908162F98,36
EF60EB1B-A3E4-E86C-F010-4B18BE39289E,36
3EC41D03-6201-7C3B-9A22-70E581E9950E,36
CF57321B-A16F-8E7E-7B87-A5A8A9F684D4,36
5A3AC918-8B88-FEF8-52DD-5C3680F75934,36
869DEF9C-6B50-3ACC-9E70-81E0E7E3832A,36
A5D61275-D411-0B50-FD99-8ADB9BD94EC4,36
9937F96F-4BBB-3A99-D42E-95682AFB013B,36
C2FE4764-33B3-3BB6-95DA-5E20D44509A2,36
64C40F83-F966-CD0B-44CC-4F78BB052D65,36
818E5ECC-AFE5-46CC-7A4C-B527F0405C3A,36
EC6A9FFF-1A21-6A85-BD39-7DEEFE46C3AB,36
EE973880-C5D1-D106-21B5-5D5E2F5762A1,36
613E2088-32A2-93E2-BED8-6DA74EFE93AC,36
0A81082A-9A0C-C753-CA1A-FFC3CA51F274,36
F4128320-D758-E257-D6AB-89EFC6B8F979,36
84AD4189-60C5-93A8-658F-67BDB40BE2D2,36
4F4F50C8-6351-50A8-E408-5D5C36EC3229,37
113F0509-B828-C18D-0900-3BCB49FF45DB,37
B989565C-AEA5-E2EC-5962-8957D83CA0D8,37
BDC7C2FE-082E-6A87-CC65-C3BA3371C139,37
0FA60CA1-E91A-A5B4-71E4-9031ADE02680,37
EE1225C9-1192-991A-C9CF-DD6E44B77D36,37
6EEE7593-3093-3CBA-551C-C0F1FD1BA71C,37
71C900F1-83F5-E816-4808-824C6CA96F6C,37
6C1F58AC-2356-CC88-BADD-24771B7AC955,37
27498042-E591-0D39-9B91-A4D7C2EDDA8B,37
6CA90B2D-550A-CA45-EF78-EFEC000E715D,37
DE3F6CDD-F608-7A8B-393C-15FCC63AC895,37
AB1F663A-09BB-F9EA-B4F0-7A9294DCC092,37
8407F79B-050A-EB2D-1B19-65BAFC020E5B,37
E40B6ED1-C8F2-3BCD-0125-481B8BA027AD,37
8BBC705E-B163-E0C8-51D2-55A4C424A423,37
8E86A50E-37B5-3D44-855C-0923BEC88223,37
EA4C1389-CDF3-B43D-9C54-A3C3854ECE30,37
F56CE972-67FC-0F55-3A0C-2B06594F0090,37
D4436740-2E8B-51AC-6641-C52B6D8BF3EF,37
C4C8ECBD-8569-87AA-593B-0AE829888926,37
9EE5C76C-7067-BAA5-8974-BE57DAC9A992,37
072C862E-3787-71F8-00CB-083D2FD8F37E,38
03AA5338-7AB2-C76C-7BD8-131C96F52B76,38
0B3A67A7-6E25-6CEC-9797-5660C67EAAA9,38
3B6E506A-18E9-785D-EAA8-E1808B5FA4DD,38
E5C1B7EE-F1C1-8A20-4B6F-FCB5BFDBAF46,38
35A21CC9-6C6E-FE35-293A-F5E3E89DF1FF,38
CB34772E-0C24-290B-BDC8-CAA34EFBF4F7,38
96975D4F-D80A-8A4A-ED77-86516E6F9F4D,38
AEE80950-85C6-7396-F668-05CC0FE21D86,38
CCFFAB17-B8AB-DA7C-1A42-F1D37734E155,38
A1285945-CD1B-A84B-38FF-7F147614B836,38
D53C2E43-92F5-694C-CE43-8B6187BBBFE3,38
5787E4E9-2BA1-DA86-85FC-63F6D7899F3B,38
B428421D-9BDD-FD59-0F36-901D98C95F73,38
7B25EC43-0703-23EE-B400-E62B466D079A,38
F5E6068C-BAFC-1833-46D9-7E4C97B54A38,38
D87741D9-BA06-902B-2C14-A6515D5872CB,38
C602C164-5B16-F02E-8EC6-111E3B722EDF,38
57603918-27C1-8FC3-00A7-EB7601E49598,38
BE3416B0-604C-9E8E-CB43-0B3542F9E4DE,38
0E5C199D-3FCF-F548-B4B3-DC5CABB8A4BE,38
F5EBCFCB-4812-E4FF-8C52-0AA2535CF617,39
EFCD3C7F-EE15-DA25-177F-D1006CAF6829,39
0AB13626-7D29-2C47-4ECC-75B1C77DD944,39
4E8CB885-31DA-4E1D-0CBD-386CCBE3DDD0,39
8B476509-AE9B-7884-0679-EC3CFCA46E8D,39
190757CA-7AEA-D4B1-64A5-0A26150E6683,39
CDBBAA4A-B151-F549-3764-1165380D1D63,39
691746E1-0CC4-B482-4C2F-44B3F1350681,39
206AC666-F48D-E31B-F56D-075EDF81AF00,39
5C867ECB-A195-95C0-221E-870070A79EE8,39
DB2EFAE5-2CCF-8E83-379F-93348B736DFF,39
86E576D2-DDF5-A2C5-D21E-3B6E56794799,39
EADB554B-F208-8BBE-A29F-0A4CD99C5D5A,39
6955CA78-20C8-AD20-F3EB-3A640C245DDD,39
C3F129EF-CA8A-2D56-2C52-9D7E4A73F49D,39
19EE9F54-4146-AE64-E7B4-E6D50F7CDCC3,39
D58361E4-25FC-16B4-0430-E46F6C94B2FD,39
09FDF850-E286-7228-AF7D-EC911F52E8AB,39
C874094C-4BA4-7FDB-794D-0DC426490761,39
BB95C20A-4F09-81B5-F2BC-7FC7FF53726E,39
8E9FB083-13FD-E968-4B8E-2A8548B98151,39
1AFE5400-DCB8-A016-A291-FED79B567233,39
8B2C1CB9-7D4C-4C01-283C-C427EC50CD89,39
07DE0731-18D9-4F29-59D4-7EC87142228F,39
F52FBC55-92ED-214C-A091-1C2080FDD930,39
E06E6CC8-868D-F6B1-527F-D212DE5F1851,39
F42A5C8A-2628-90F3-B84A-D8D00479FDC0,39
1FBEE124-D154-D5F3-4136-2DB07440B85D,39
8AA4B209-793A-4DD8-74B1-8CAACCE4C42B,39
BB0C10E2-CDBD-5777-2101-D8630246D878,39
7838E073-73ED-4836-5500-01CC16A7015B,39
8A6D6A77-54A8-5757-E7ED-08BDE6CB065E,39
4DE0CB3A-AC3B-C14D-FB5E-A3C45E365147,39
639D9203-3A20-E373-7888-33157863AACE,39
710B8BEB-F42C-F134-E898-2133C3372475,39
3456FA63-8C42-0074-104C-85B11120B5F8,39
E6263E49-8C0F-CB46-111D-FFD22433B3A5,39
F55ED616-05C4-F048-2FAD-1654151B6B19,39
E7666338-8DDF-9921-E666-5603C2B429EB,39
F532A9CD-D25F-97A8-DB62-6E06E3DA77F8,39
0C2B20BC-BEAA-DBD9-759E-B072E1DC6BEA,39
8D00FA7A-DD8D-3E54-5EA0-AB6BD106DC23,39
8754DAD2-CAFA-444A-AA7E-9EAB36A808DC,39
90FB6075-54BE-9FCC-2E09-789BF398A35B,39
7A23F245-4BD5-26BA-9032-4EBBB518B91D,39
6022DF2C-6510-F6C3-7EE5-8B58F94DF9A1,39
217084A2-4F23-E460-6661-5BD8D87150DD,39
76E46412-282E-22EE-80A8-4AFA2880305C,39
81FC3604-FF46-E6EB-136E-346F53198C80,39
00494F32-AAB0-516F-FA0B-F1DE36D466E1,39
357B2317-F58E-A7A2-DCE7-382562E5B211,39
267C202C-5F06-EF26-7017-31C21379FAF6,39
D3B3F3F7-7FC5-15B1-1BCB-00DE1D8B623B,39
BC4DAA61-99AF-9CEB-B6E3-175022205AA2,39
99617E73-AC5C-D5C9-AAC6-43CBEAD3FFF0,39
1A2D97BC-F282-19AC-8D97-1CE3D8FAF773,40
2195C851-EA86-3066-E55C-04DBB949C97D,41
A6D83700-DB76-3C76-94CA-5B7F14952540,42
A058D0FC-31EF-1673-F8B0-3B0707F98287,43
EEBA7735-0047-6CD5-E497-F9D1AF2793CF,44
A646AF9C-3B5C-94C0-0A0C-866E43C25E46,45
D9E60025-6B84-B4FF-7C35-496D4CEF204B,46
B6DF8883-BE94-F4A4-D11A-80A7B4523362,47
0585357D-29E0-1100-12EF-1146DEE42900,48
2F6332CE-95C8-5154-64A1-D79978C3416B,49
42D7A6DE-F039-2BA8-D9F4-35E8A3CD1C2E,50
8DDC0FF3-509D-9EDC-0461-02B581BFED75,51
9999C7AE-8410-BED6-834E-288C6585E8F7,52
EEE2C670-4E3C-7645-1283-68B9B85145A7,53
ABF62704-770D-E501-95E6-FBC6947880E9,54
7F9D269E-3A9C-2397-392A-CD71701ACD33,55
BD7A4BD9-BD8E-563D-7E0A-C17231088337,56
0855F9FD-C973-9EF1-828D-8BC846465CD3,57
BEAA3AB5-CB93-3A67-4795-F0CF6A44E862,58
29F25745-6DE0-03E5-5D10-ED84024C8AAA,59
40A35E62-3EA6-2176-6D25-6C9411EBB24F,60
DC475FBE-81CD-B376-C9BA-BF57DE4F0936,61
2CF1845B-B712-A7C8-E601-A791AD1FE55B,62
